PicoScope 5000A - Channel A Data
================================
Samples: 10000
Timebase: 127 (Sample interval: 1000 ns)
Range: +-2V, DC coupled

Sample	Time(ns)		ADC		mV
------	--------		---		--
0		0		-32512		-2000
1		1000		-32353		-1990
2		2000		-32353		-1990
3		3000		-32353		-1990
4		4000		-32353		-1990
5		5000		-32353		-1990
6		6000		-32353		-1990
7		7000		-32353		-1990
8		8000		-32353		-1990
9		9000		-32512		-2000
10		10000		-32353		-1990
11		11000		-32512		-2000
12		12000		-32353		-1990
13		13000		-32512		-2000
14		14000		-32353		-1990
15		15000		-32353		-1990
16		16000		-32353		-1990
17		17000		-32353		-1990
18		18000		-32353		-1990
19		19000		-32512		-2000
20		20000		-32353		-1990
21		21000		-32353		-1990
22		22000		-32353		-1990
23		23000		-32353		-1990
24		24000		-32353		-1990
25		25000		-32512		-2000
26		26000		-32512		-2000
27		27000		-32353		-1990
28		28000		-32353		-1990
29		29000		-32512		-2000
30		30000		-32512		-2000
31		31000		-32353		-1990
32		32000		-32353		-1990
33		33000		-32353		-1990
34		34000		-32512		-2000
35		35000		-32353		-1990
36		36000		-32512		-2000
37		37000		-32064		-1972
38		38000		-32512		-2000
39		39000		-32512		-2000
40		40000		-32353		-1990
41		41000		-32512		-2000
42		42000		-32512		-2000
43		43000		-32353		-1990
44		44000		-32512		-2000
45		45000		-32512		-2000
46		46000		-32353		-1990
47		47000		-32353		-1990
48		48000		-32512		-2000
49		49000		-32512		-2000
50		50000		-32512		-2000
51		51000		-32512		-2000
52		52000		-32353		-1990
53		53000		-32512		-2000
54		54000		-32353		-1990
55		55000		-32353		-1990
56		56000		-32512		-2000
57		57000		-32512		-2000
58		58000		-32353		-1990
59		59000		-32512		-2000
60		60000		-32512		-2000
61		61000		-32512		-2000
62		62000		-32353		-1990
63		63000		-32512		-2000
64		64000		-32353		-1990
65		65000		-32512		-2000
66		66000		-32353		-1990
67		67000		-32512		-2000
68		68000		-32512		-2000
69		69000		-32512		-2000
70		70000		-32512		-2000
71		71000		-32512		-2000
72		72000		-32512		-2000
73		73000		-32512		-2000
74		74000		-32512		-2000
75		75000		-32512		-2000
76		76000		-32353		-1990
77		77000		-32353		-1990
78		78000		-32353		-1990
79		79000		-32353		-1990
80		80000		-32353		-1990
81		81000		-32512		-2000
82		82000		-32512		-2000
83		83000		-32512		-2000
84		84000		-32512		-2000
85		85000		-32512		-2000
86		86000		-32512		-2000
87		87000		-32512		-2000
88		88000		-32353		-1990
89		89000		-32512		-2000
90		90000		-32512		-2000
91		91000		-32512		-2000
92		92000		-32353		-1990
93		93000		-32353		-1990
94		94000		-32353		-1990
95		95000		-32512		-2000
96		96000		-32512		-2000
97		97000		-32512		-2000
98		98000		-32353		-1990
99		99000		-32512		-2000
100		100000		-32353		-1990
101		101000		-32512		-2000
102		102000		-32512		-2000
103		103000		-32512		-2000
104		104000		-32512		-2000
105		105000		-32512		-2000
106		106000		-32353		-1990
107		107000		-32512		-2000
108		108000		-32512		-2000
109		109000		-32512		-2000
110		110000		-32512		-2000
111		111000		-32512		-2000
112		112000		-32512		-2000
113		113000		-32353		-1990
114		114000		-32512		-2000
115		115000		-32353		-1990
116		116000		-32512		-2000
117		117000		-32353		-1990
118		118000		-32353		-1990
119		119000		-32353		-1990
120		120000		-32353		-1990
121		121000		-32512		-2000
122		122000		-32353		-1990
123		123000		-32512		-2000
124		124000		-32512		-2000
125		125000		-32512		-2000
126		126000		-32353		-1990
127		127000		-32512		-2000
128		128000		-32353		-1990
129		129000		-32512		-2000
130		130000		-32353		-1990
131		131000		-32512		-2000
132		132000		-32353		-1990
133		133000		-32512		-2000
134		134000		-32353		-1990
135		135000		-32512		-2000
136		136000		-32353		-1990
137		137000		-32512		-2000
138		138000		-32512		-2000
139		139000		-32353		-1990
140		140000		-32353		-1990
141		141000		-32353		-1990
142		142000		-32353		-1990
143		143000		-32512		-2000
144		144000		-32512		-2000
145		145000		-32353		-1990
146		146000		-32512		-2000
147		147000		-32512		-2000
148		148000		-32353		-1990
149		149000		-32512		-2000
150		150000		-32353		-1990
151		151000		-32353		-1990
152		152000		-32512		-2000
153		153000		-32512		-2000
154		154000		-32353		-1990
155		155000		-32353		-1990
156		156000		-32353		-1990
157		157000		-32353		-1990
158		158000		-32353		-1990
159		159000		-32353		-1990
160		160000		-32353		-1990
161		161000		-32353		-1990
162		162000		-32353		-1990
163		163000		-32512		-2000
164		164000		-32353		-1990
165		165000		-32353		-1990
166		166000		-32353		-1990
167		167000		-32353		-1990
168		168000		-32353		-1990
169		169000		-32353		-1990
170		170000		-32353		-1990
171		171000		-32353		-1990
172		172000		-32353		-1990
173		173000		32064		1972
174		174000		32512		2000
175		175000		32512		2000
176		176000		32512		2000
177		177000		32512		2000
178		178000		32512		2000
179		179000		32512		2000
180		180000		32512		2000
181		181000		32512		2000
182		182000		32512		2000
183		183000		32512		2000
184		184000		32512		2000
185		185000		32512		2000
186		186000		32512		2000
187		187000		32512		2000
188		188000		32512		2000
189		189000		32512		2000
190		190000		32512		2000
191		191000		32512		2000
192		192000		32512		2000
193		193000		32512		2000
194		194000		32512		2000
195		195000		32512		2000
196		196000		32512		2000
197		197000		32512		2000
198		198000		32512		2000
199		199000		32512		2000
200		200000		32512		2000
201		201000		32512		2000
202		202000		32512		2000
203		203000		32512		2000
204		204000		32512		2000
205		205000		32512		2000
206		206000		32512		2000
207		207000		32512		2000
208		208000		32512		2000
209		209000		32512		2000
210		210000		32512		2000
211		211000		32512		2000
212		212000		32512		2000
213		213000		32512		2000
214		214000		32512		2000
215		215000		32512		2000
216		216000		32512		2000
217		217000		32512		2000
218		218000		32512		2000
219		219000		32512		2000
220		220000		32512		2000
221		221000		32512		2000
222		222000		32512		2000
223		223000		32512		2000
224		224000		32512		2000
225		225000		32512		2000
226		226000		32512		2000
227		227000		32512		2000
228		228000		32512		2000
229		229000		32512		2000
230		230000		32512		2000
231		231000		32512		2000
232		232000		32512		2000
233		233000		32512		2000
234		234000		32512		2000
235		235000		32512		2000
236		236000		32512		2000
237		237000		32512		2000
238		238000		32512		2000
239		239000		32512		2000
240		240000		32512		2000
241		241000		32512		2000
242		242000		32512		2000
243		243000		32512		2000
244		244000		32512		2000
245		245000		32512		2000
246		246000		32512		2000
247		247000		32512		2000
248		248000		32512		2000
249		249000		32512		2000
250		250000		32512		2000
251		251000		32512		2000
252		252000		32512		2000
253		253000		32512		2000
254		254000		32512		2000
255		255000		32512		2000
256		256000		32512		2000
257		257000		32512		2000
258		258000		32512		2000
259		259000		32512		2000
260		260000		32512		2000
261		261000		32512		2000
262		262000		32512		2000
263		263000		32512		2000
264		264000		32512		2000
265		265000		32512		2000
266		266000		32512		2000
267		267000		32512		2000
268		268000		32512		2000
269		269000		32512		2000
270		270000		32512		2000
271		271000		32512		2000
272		272000		32512		2000
273		273000		32512		2000
274		274000		32512		2000
275		275000		32512		2000
276		276000		32512		2000
277		277000		32512		2000
278		278000		32512		2000
279		279000		32512		2000
280		280000		32512		2000
281		281000		32512		2000
282		282000		32512		2000
283		283000		32512		2000
284		284000		32512		2000
285		285000		32512		2000
286		286000		32512		2000
287		287000		32512		2000
288		288000		32512		2000
289		289000		32512		2000
290		290000		32512		2000
291		291000		32512		2000
292		292000		32512		2000
293		293000		32512		2000
294		294000		32512		2000
295		295000		32512		2000
296		296000		32512		2000
297		297000		32512		2000
298		298000		32512		2000
299		299000		32512		2000
300		300000		32512		2000
301		301000		32512		2000
302		302000		32512		2000
303		303000		32512		2000
304		304000		32512		2000
305		305000		32512		2000
306		306000		32512		2000
307		307000		32512		2000
308		308000		32512		2000
309		309000		32512		2000
310		310000		32512		2000
311		311000		32512		2000
312		312000		32512		2000
313		313000		32512		2000
314		314000		32512		2000
315		315000		32512		2000
316		316000		32512		2000
317		317000		32512		2000
318		318000		32512		2000
319		319000		32512		2000
320		320000		32512		2000
321		321000		32512		2000
322		322000		32512		2000
323		323000		32512		2000
324		324000		32512		2000
325		325000		32512		2000
326		326000		32512		2000
327		327000		32512		2000
328		328000		32512		2000
329		329000		32512		2000
330		330000		32512		2000
331		331000		32512		2000
332		332000		32512		2000
333		333000		32512		2000
334		334000		32512		2000
335		335000		32512		2000
336		336000		32512		2000
337		337000		32512		2000
338		338000		32512		2000
339		339000		32512		2000
340		340000		32512		2000
341		341000		32512		2000
342		342000		32512		2000
343		343000		32512		2000
344		344000		32512		2000
345		345000		32512		2000
346		346000		32512		2000
347		347000		32512		2000
348		348000		32512		2000
349		349000		32512		2000
350		350000		32512		2000
351		351000		32512		2000
352		352000		32512		2000
353		353000		32512		2000
354		354000		32512		2000
355		355000		32512		2000
356		356000		32512		2000
357		357000		32512		2000
358		358000		32512		2000
359		359000		32512		2000
360		360000		32512		2000
361		361000		32512		2000
362		362000		32353		1990
363		363000		32512		2000
364		364000		32512		2000
365		365000		32512		2000
366		366000		32512		2000
367		367000		32512		2000
368		368000		32512		2000
369		369000		32512		2000
370		370000		32512		2000
371		371000		32512		2000
372		372000		32512		2000
373		373000		32512		2000
374		374000		32512		2000
375		375000		32512		2000
376		376000		32512		2000
377		377000		32512		2000
378		378000		32512		2000
379		379000		32512		2000
380		380000		32512		2000
381		381000		32512		2000
382		382000		32512		2000
383		383000		32512		2000
384		384000		32512		2000
385		385000		32512		2000
386		386000		32512		2000
387		387000		32512		2000
388		388000		32512		2000
389		389000		32512		2000
390		390000		32512		2000
391		391000		32512		2000
392		392000		32512		2000
393		393000		32512		2000
394		394000		32512		2000
395		395000		32512		2000
396		396000		32512		2000
397		397000		32512		2000
398		398000		32512		2000
399		399000		32512		2000
400		400000		32512		2000
401		401000		32512		2000
402		402000		32512		2000
403		403000		32512		2000
404		404000		32512		2000
405		405000		32512		2000
406		406000		32512		2000
407		407000		32512		2000
408		408000		32512		2000
409		409000		32512		2000
410		410000		32512		2000
411		411000		32512		2000
412		412000		32512		2000
413		413000		32512		2000
414		414000		32512		2000
415		415000		32512		2000
416		416000		32512		2000
417		417000		32512		2000
418		418000		32512		2000
419		419000		32512		2000
420		420000		32512		2000
421		421000		32512		2000
422		422000		32512		2000
423		423000		32512		2000
424		424000		32512		2000
425		425000		32512		2000
426		426000		32512		2000
427		427000		32512		2000
428		428000		32512		2000
429		429000		32512		2000
430		430000		32512		2000
431		431000		32512		2000
432		432000		32512		2000
433		433000		32512		2000
434		434000		32512		2000
435		435000		32512		2000
436		436000		32512		2000
437		437000		32512		2000
438		438000		32512		2000
439		439000		32512		2000
440		440000		32512		2000
441		441000		32512		2000
442		442000		32512		2000
443		443000		32512		2000
444		444000		32512		2000
445		445000		32512		2000
446		446000		32512		2000
447		447000		32512		2000
448		448000		32512		2000
449		449000		32512		2000
450		450000		32512		2000
451		451000		32512		2000
452		452000		32512		2000
453		453000		32512		2000
454		454000		32512		2000
455		455000		32512		2000
456		456000		32512		2000
457		457000		32512		2000
458		458000		32512		2000
459		459000		32512		2000
460		460000		32512		2000
461		461000		32512		2000
462		462000		32512		2000
463		463000		32512		2000
464		464000		32512		2000
465		465000		32512		2000
466		466000		32512		2000
467		467000		32512		2000
468		468000		32512		2000
469		469000		32512		2000
470		470000		32512		2000
471		471000		32512		2000
472		472000		32512		2000
473		473000		32512		2000
474		474000		32512		2000
475		475000		32512		2000
476		476000		32512		2000
477		477000		32512		2000
478		478000		32512		2000
479		479000		32512		2000
480		480000		32512		2000
481		481000		32512		2000
482		482000		32512		2000
483		483000		32512		2000
484		484000		32512		2000
485		485000		32512		2000
486		486000		32512		2000
487		487000		32512		2000
488		488000		32512		2000
489		489000		32512		2000
490		490000		32512		2000
491		491000		32512		2000
492		492000		32512		2000
493		493000		32512		2000
494		494000		32512		2000
495		495000		32512		2000
496		496000		32512		2000
497		497000		32512		2000
498		498000		32512		2000
499		499000		32512		2000
500		500000		32512		2000
501		501000		32353		1990
502		502000		32512		2000
503		503000		32512		2000
504		504000		32512		2000
505		505000		32512		2000
506		506000		32512		2000
507		507000		32512		2000
508		508000		32512		2000
509		509000		32512		2000
510		510000		32512		2000
511		511000		32512		2000
512		512000		32512		2000
513		513000		32512		2000
514		514000		32512		2000
515		515000		32512		2000
516		516000		32512		2000
517		517000		32512		2000
518		518000		32512		2000
519		519000		32512		2000
520		520000		32512		2000
521		521000		32512		2000
522		522000		32512		2000
523		523000		32512		2000
524		524000		32512		2000
525		525000		32512		2000
526		526000		32512		2000
527		527000		32512		2000
528		528000		32512		2000
529		529000		32512		2000
530		530000		32512		2000
531		531000		32512		2000
532		532000		32512		2000
533		533000		32512		2000
534		534000		32512		2000
535		535000		32512		2000
536		536000		32512		2000
537		537000		32512		2000
538		538000		32512		2000
539		539000		32512		2000
540		540000		32512		2000
541		541000		32512		2000
542		542000		32512		2000
543		543000		32512		2000
544		544000		32512		2000
545		545000		32512		2000
546		546000		32512		2000
547		547000		32512		2000
548		548000		32512		2000
549		549000		32512		2000
550		550000		32512		2000
551		551000		32512		2000
552		552000		32512		2000
553		553000		32512		2000
554		554000		32512		2000
555		555000		32512		2000
556		556000		32512		2000
557		557000		32512		2000
558		558000		32512		2000
559		559000		32512		2000
560		560000		32512		2000
561		561000		32512		2000
562		562000		32512		2000
563		563000		32512		2000
564		564000		32512		2000
565		565000		32512		2000
566		566000		32512		2000
567		567000		32512		2000
568		568000		32512		2000
569		569000		32512		2000
570		570000		32512		2000
571		571000		32512		2000
572		572000		32512		2000
573		573000		32512		2000
574		574000		32512		2000
575		575000		32512		2000
576		576000		32512		2000
577		577000		32512		2000
578		578000		32512		2000
579		579000		32512		2000
580		580000		32512		2000
581		581000		32512		2000
582		582000		32512		2000
583		583000		32353		1990
584		584000		32353		1990
585		585000		32353		1990
586		586000		32512		2000
587		587000		32512		2000
588		588000		32512		2000
589		589000		32512		2000
590		590000		32512		2000
591		591000		32512		2000
592		592000		32064		1972
593		593000		32512		2000
594		594000		32512		2000
595		595000		32512		2000
596		596000		32512		2000
597		597000		32512		2000
598		598000		32512		2000
599		599000		32512		2000
600		600000		32353		1990
601		601000		32512		2000
602		602000		32512		2000
603		603000		32512		2000
604		604000		32512		2000
605		605000		32512		2000
606		606000		32512		2000
607		607000		32512		2000
608		608000		32512		2000
609		609000		32512		2000
610		610000		32512		2000
611		611000		32512		2000
612		612000		32512		2000
613		613000		32512		2000
614		614000		32512		2000
615		615000		32512		2000
616		616000		32353		1990
617		617000		32512		2000
618		618000		32512		2000
619		619000		32512		2000
620		620000		32512		2000
621		621000		32512		2000
622		622000		32512		2000
623		623000		32512		2000
624		624000		32512		2000
625		625000		32512		2000
626		626000		32353		1990
627		627000		32353		1990
628		628000		32512		2000
629		629000		32512		2000
630		630000		32512		2000
631		631000		32512		2000
632		632000		32512		2000
633		633000		32512		2000
634		634000		32353		1990
635		635000		32512		2000
636		636000		32512		2000
637		637000		32512		2000
638		638000		32512		2000
639		639000		32512		2000
640		640000		32512		2000
641		641000		32512		2000
642		642000		32512		2000
643		643000		32512		2000
644		644000		32353		1990
645		645000		32353		1990
646		646000		32512		2000
647		647000		32512		2000
648		648000		32512		2000
649		649000		32512		2000
650		650000		32353		1990
651		651000		32512		2000
652		652000		32512		2000
653		653000		32512		2000
654		654000		32512		2000
655		655000		32512		2000
656		656000		32512		2000
657		657000		32353		1990
658		658000		32512		2000
659		659000		32512		2000
660		660000		32512		2000
661		661000		32512		2000
662		662000		32512		2000
663		663000		32353		1990
664		664000		32512		2000
665		665000		32512		2000
666		666000		32512		2000
667		667000		32353		1990
668		668000		32512		2000
669		669000		32512		2000
670		670000		32512		2000
671		671000		32512		2000
672		672000		32512		2000
673		673000		-31775		-1954
674		674000		-32353		-1990
675		675000		-32353		-1990
676		676000		-32353		-1990
677		677000		-32064		-1972
678		678000		-32353		-1990
679		679000		-32353		-1990
680		680000		-32353		-1990
681		681000		-32512		-2000
682		682000		-32512		-2000
683		683000		-32353		-1990
684		684000		-32512		-2000
685		685000		-32512		-2000
686		686000		-32512		-2000
687		687000		-32353		-1990
688		688000		-32512		-2000
689		689000		-32353		-1990
690		690000		-32353		-1990
691		691000		-32353		-1990
692		692000		-32353		-1990
693		693000		-32353		-1990
694		694000		-32512		-2000
695		695000		-32512		-2000
696		696000		-32353		-1990
697		697000		-32512		-2000
698		698000		-32512		-2000
699		699000		-32353		-1990
700		700000		-32512		-2000
701		701000		-32353		-1990
702		702000		-32353		-1990
703		703000		-32512		-2000
704		704000		-32353		-1990
705		705000		-32353		-1990
706		706000		-32353		-1990
707		707000		-32353		-1990
708		708000		-32353		-1990
709		709000		-32353		-1990
710		710000		-32353		-1990
711		711000		-32512		-2000
712		712000		-32353		-1990
713		713000		-32353		-1990
714		714000		-32353		-1990
715		715000		-32353		-1990
716		716000		-32353		-1990
717		717000		-32353		-1990
718		718000		-32353		-1990
719		719000		-32353		-1990
720		720000		-32353		-1990
721		721000		-32353		-1990
722		722000		-32512		-2000
723		723000		-32353		-1990
724		724000		-32353		-1990
725		725000		-32353		-1990
726		726000		-32353		-1990
727		727000		-32353		-1990
728		728000		-32353		-1990
729		729000		-32353		-1990
730		730000		-32353		-1990
731		731000		-32512		-2000
732		732000		-32512		-2000
733		733000		-32353		-1990
734		734000		-32353		-1990
735		735000		-32353		-1990
736		736000		-32353		-1990
737		737000		-32512		-2000
738		738000		-32353		-1990
739		739000		-32512		-2000
740		740000		-32353		-1990
741		741000		-32353		-1990
742		742000		-32353		-1990
743		743000		-32353		-1990
744		744000		-32512		-2000
745		745000		-32512		-2000
746		746000		-32353		-1990
747		747000		-32512		-2000
748		748000		-32353		-1990
749		749000		-32512		-2000
750		750000		-32512		-2000
751		751000		-32353		-1990
752		752000		-32512		-2000
753		753000		-32353		-1990
754		754000		-32512		-2000
755		755000		-32512		-2000
756		756000		-32353		-1990
757		757000		-32512		-2000
758		758000		-32512		-2000
759		759000		-32512		-2000
760		760000		-32512		-2000
761		761000		-32512		-2000
762		762000		-32353		-1990
763		763000		-32512		-2000
764		764000		-32512		-2000
765		765000		-32512		-2000
766		766000		-32512		-2000
767		767000		-32512		-2000
768		768000		-32512		-2000
769		769000		-32512		-2000
770		770000		-32512		-2000
771		771000		-32512		-2000
772		772000		-32512		-2000
773		773000		-32353		-1990
774		774000		-32512		-2000
775		775000		-32512		-2000
776		776000		-32512		-2000
777		777000		-32512		-2000
778		778000		-32512		-2000
779		779000		-32512		-2000
780		780000		-32512		-2000
781		781000		-32512		-2000
782		782000		-32512		-2000
783		783000		-32512		-2000
784		784000		-32512		-2000
785		785000		-32512		-2000
786		786000		-32512		-2000
787		787000		-32512		-2000
788		788000		-32512		-2000
789		789000		-32512		-2000
790		790000		-32512		-2000
791		791000		-32512		-2000
792		792000		-32512		-2000
793		793000		-32512		-2000
794		794000		-32512		-2000
795		795000		-32512		-2000
796		796000		-32512		-2000
797		797000		-32512		-2000
798		798000		-32512		-2000
799		799000		-32512		-2000
800		800000		-32512		-2000
801		801000		-32512		-2000
802		802000		-32512		-2000
803		803000		-32512		-2000
804		804000		-32512		-2000
805		805000		-32512		-2000
806		806000		-32512		-2000
807		807000		-32512		-2000
808		808000		-32512		-2000
809		809000		-32512		-2000
810		810000		-32512		-2000
811		811000		-32512		-2000
812		812000		-32512		-2000
813		813000		-32512		-2000
814		814000		-32512		-2000
815		815000		-32512		-2000
816		816000		-32512		-2000
817		817000		-32512		-2000
818		818000		-32512		-2000
819		819000		-32512		-2000
820		820000		-32512		-2000
821		821000		-32512		-2000
822		822000		-32512		-2000
823		823000		-32512		-2000
824		824000		-32512		-2000
825		825000		-32512		-2000
826		826000		-32512		-2000
827		827000		-32512		-2000
828		828000		-32512		-2000
829		829000		-32512		-2000
830		830000		-32512		-2000
831		831000		-32512		-2000
832		832000		-32353		-1990
833		833000		-32512		-2000
834		834000		-32512		-2000
835		835000		-32512		-2000
836		836000		-32512		-2000
837		837000		-32512		-2000
838		838000		-32512		-2000
839		839000		-32512		-2000
840		840000		-32512		-2000
841		841000		-32512		-2000
842		842000		-32512		-2000
843		843000		-32512		-2000
844		844000		-32512		-2000
845		845000		-32512		-2000
846		846000		-32512		-2000
847		847000		-32512		-2000
848		848000		-32512		-2000
849		849000		-32512		-2000
850		850000		-32512		-2000
851		851000		-32512		-2000
852		852000		-32512		-2000
853		853000		-32512		-2000
854		854000		-32512		-2000
855		855000		-32512		-2000
856		856000		-32512		-2000
857		857000		-32512		-2000
858		858000		-32512		-2000
859		859000		-32512		-2000
860		860000		-32512		-2000
861		861000		-32512		-2000
862		862000		-32512		-2000
863		863000		-32512		-2000
864		864000		-32512		-2000
865		865000		-32512		-2000
866		866000		-32512		-2000
867		867000		-32512		-2000
868		868000		-32512		-2000
869		869000		-32512		-2000
870		870000		-32512		-2000
871		871000		-32512		-2000
872		872000		-32512		-2000
873		873000		-32512		-2000
874		874000		-32512		-2000
875		875000		-32512		-2000
876		876000		-32512		-2000
877		877000		-32512		-2000
878		878000		-32353		-1990
879		879000		-32512		-2000
880		880000		-32512		-2000
881		881000		-32512		-2000
882		882000		-32512		-2000
883		883000		-32512		-2000
884		884000		-32512		-2000
885		885000		-32512		-2000
886		886000		-32512		-2000
887		887000		-32512		-2000
888		888000		-32512		-2000
889		889000		-32512		-2000
890		890000		-32512		-2000
891		891000		-32512		-2000
892		892000		-32512		-2000
893		893000		-32353		-1990
894		894000		-32064		-1972
895		895000		-32512		-2000
896		896000		-32512		-2000
897		897000		-32512		-2000
898		898000		-32512		-2000
899		899000		-32512		-2000
900		900000		-32512		-2000
901		901000		-32512		-2000
902		902000		-32512		-2000
903		903000		-32512		-2000
904		904000		-32512		-2000
905		905000		-32353		-1990
906		906000		-32512		-2000
907		907000		-32512		-2000
908		908000		-32512		-2000
909		909000		-32512		-2000
910		910000		-32512		-2000
911		911000		-32353		-1990
912		912000		-32512		-2000
913		913000		-32512		-2000
914		914000		-32512		-2000
915		915000		-32353		-1990
916		916000		-32512		-2000
917		917000		-32512		-2000
918		918000		-32353		-1990
919		919000		-32353		-1990
920		920000		-32353		-1990
921		921000		-32512		-2000
922		922000		-32512		-2000
923		923000		-32512		-2000
924		924000		-32353		-1990
925		925000		-32512		-2000
926		926000		-32353		-1990
927		927000		-32512		-2000
928		928000		-32512		-2000
929		929000		-32512		-2000
930		930000		-32353		-1990
931		931000		-32353		-1990
932		932000		-32353		-1990
933		933000		-32512		-2000
934		934000		-32512		-2000
935		935000		-32353		-1990
936		936000		-32353		-1990
937		937000		-32353		-1990
938		938000		-32353		-1990
939		939000		-32353		-1990
940		940000		-32512		-2000
941		941000		-32512		-2000
942		942000		-32353		-1990
943		943000		-32512		-2000
944		944000		-32353		-1990
945		945000		-32353		-1990
946		946000		-32353		-1990
947		947000		-32353		-1990
948		948000		-32353		-1990
949		949000		-32353		-1990
950		950000		-32064		-1972
951		951000		-32353		-1990
952		952000		-32353		-1990
953		953000		-32353		-1990
954		954000		-32512		-2000
955		955000		-32353		-1990
956		956000		-32353		-1990
957		957000		-32353		-1990
958		958000		-32353		-1990
959		959000		-32512		-2000
960		960000		-32064		-1972
961		961000		-32353		-1990
962		962000		-32512		-2000
963		963000		-32512		-2000
964		964000		-32353		-1990
965		965000		-32353		-1990
966		966000		-32512		-2000
967		967000		-32353		-1990
968		968000		-32353		-1990
969		969000		-32353		-1990
970		970000		-32353		-1990
971		971000		-32512		-2000
972		972000		-32064		-1972
973		973000		-32512		-2000
974		974000		-32064		-1972
975		975000		-32353		-1990
976		976000		-32353		-1990
977		977000		-32353		-1990
978		978000		-32353		-1990
979		979000		-32353		-1990
980		980000		-32353		-1990
981		981000		-32353		-1990
982		982000		-32353		-1990
983		983000		-32353		-1990
984		984000		-32353		-1990
985		985000		-32512		-2000
986		986000		-32353		-1990
987		987000		-32353		-1990
988		988000		-32353		-1990
989		989000		-32353		-1990
990		990000		-32353		-1990
991		991000		-32353		-1990
992		992000		-32353		-1990
993		993000		-32353		-1990
994		994000		-32353		-1990
995		995000		-32353		-1990
996		996000		-32353		-1990
997		997000		-32353		-1990
998		998000		-32353		-1990
999		999000		-32353		-1990
1000		1000000		-32512		-2000
1001		1001000		-32353		-1990
1002		1002000		-32353		-1990
1003		1003000		-32353		-1990
1004		1004000		-32353		-1990
1005		1005000		-32353		-1990
1006		1006000		-32353		-1990
1007		1007000		-32353		-1990
1008		1008000		-32353		-1990
1009		1009000		-32512		-2000
1010		1010000		-32512		-2000
1011		1011000		-32512		-2000
1012		1012000		-32512		-2000
1013		1013000		-32512		-2000
1014		1014000		-32512		-2000
1015		1015000		-32353		-1990
1016		1016000		-32512		-2000
1017		1017000		-32353		-1990
1018		1018000		-32512		-2000
1019		1019000		-32353		-1990
1020		1020000		-32512		-2000
1021		1021000		-32512		-2000
1022		1022000		-32353		-1990
1023		1023000		-32353		-1990
1024		1024000		-32353		-1990
1025		1025000		-32512		-2000
1026		1026000		-32512		-2000
1027		1027000		-32512		-2000
1028		1028000		-32512		-2000
1029		1029000		-32353		-1990
1030		1030000		-32512		-2000
1031		1031000		-32353		-1990
1032		1032000		-32353		-1990
1033		1033000		-32512		-2000
1034		1034000		-32512		-2000
1035		1035000		-32353		-1990
1036		1036000		-32353		-1990
1037		1037000		-32353		-1990
1038		1038000		-32512		-2000
1039		1039000		-32353		-1990
1040		1040000		-32353		-1990
1041		1041000		-32512		-2000
1042		1042000		-32353		-1990
1043		1043000		-32353		-1990
1044		1044000		-32353		-1990
1045		1045000		-32353		-1990
1046		1046000		-32353		-1990
1047		1047000		-32353		-1990
1048		1048000		-32353		-1990
1049		1049000		-32512		-2000
1050		1050000		-32512		-2000
1051		1051000		-32353		-1990
1052		1052000		-32353		-1990
1053		1053000		-32353		-1990
1054		1054000		-32512		-2000
1055		1055000		-32353		-1990
1056		1056000		-32353		-1990
1057		1057000		-32353		-1990
1058		1058000		-32064		-1972
1059		1059000		-32512		-2000
1060		1060000		-32353		-1990
1061		1061000		-32353		-1990
1062		1062000		-32353		-1990
1063		1063000		-32512		-2000
1064		1064000		-32353		-1990
1065		1065000		-32353		-1990
1066		1066000		-32512		-2000
1067		1067000		-32512		-2000
1068		1068000		-32353		-1990
1069		1069000		-32353		-1990
1070		1070000		-32353		-1990
1071		1071000		-32353		-1990
1072		1072000		-32353		-1990
1073		1073000		-32512		-2000
1074		1074000		-32353		-1990
1075		1075000		-32353		-1990
1076		1076000		-32353		-1990
1077		1077000		-32353		-1990
1078		1078000		-32353		-1990
1079		1079000		-32353		-1990
1080		1080000		-32353		-1990
1081		1081000		-32353		-1990
1082		1082000		-32353		-1990
1083		1083000		-32512		-2000
1084		1084000		-32353		-1990
1085		1085000		-32512		-2000
1086		1086000		-32353		-1990
1087		1087000		-32512		-2000
1088		1088000		-32353		-1990
1089		1089000		-32353		-1990
1090		1090000		-32512		-2000
1091		1091000		-32353		-1990
1092		1092000		-32353		-1990
1093		1093000		-32353		-1990
1094		1094000		-32353		-1990
1095		1095000		-32353		-1990
1096		1096000		-32353		-1990
1097		1097000		-32512		-2000
1098		1098000		-32353		-1990
1099		1099000		-32512		-2000
1100		1100000		-32353		-1990
1101		1101000		-32353		-1990
1102		1102000		-32353		-1990
1103		1103000		-32353		-1990
1104		1104000		-32512		-2000
1105		1105000		-32353		-1990
1106		1106000		-32353		-1990
1107		1107000		-32353		-1990
1108		1108000		-32353		-1990
1109		1109000		-32353		-1990
1110		1110000		-32353		-1990
1111		1111000		-32353		-1990
1112		1112000		-32353		-1990
1113		1113000		-32353		-1990
1114		1114000		-32353		-1990
1115		1115000		-32353		-1990
1116		1116000		-32512		-2000
1117		1117000		-32353		-1990
1118		1118000		-32353		-1990
1119		1119000		-32512		-2000
1120		1120000		-32353		-1990
1121		1121000		-32353		-1990
1122		1122000		-32353		-1990
1123		1123000		-32353		-1990
1124		1124000		-32353		-1990
1125		1125000		-32353		-1990
1126		1126000		-32353		-1990
1127		1127000		-32353		-1990
1128		1128000		-32353		-1990
1129		1129000		-32353		-1990
1130		1130000		-32064		-1972
1131		1131000		-32353		-1990
1132		1132000		-32353		-1990
1133		1133000		-32353		-1990
1134		1134000		-32512		-2000
1135		1135000		-32353		-1990
1136		1136000		-32353		-1990
1137		1137000		-32353		-1990
1138		1138000		-32353		-1990
1139		1139000		-32353		-1990
1140		1140000		-32353		-1990
1141		1141000		-32353		-1990
1142		1142000		-32353		-1990
1143		1143000		-32353		-1990
1144		1144000		-32353		-1990
1145		1145000		-32353		-1990
1146		1146000		-32353		-1990
1147		1147000		-32353		-1990
1148		1148000		-32353		-1990
1149		1149000		-32353		-1990
1150		1150000		-32353		-1990
1151		1151000		-32353		-1990
1152		1152000		-32353		-1990
1153		1153000		-32353		-1990
1154		1154000		-32353		-1990
1155		1155000		-32353		-1990
1156		1156000		-32353		-1990
1157		1157000		-32353		-1990
1158		1158000		-32353		-1990
1159		1159000		-32353		-1990
1160		1160000		-32353		-1990
1161		1161000		-32353		-1990
1162		1162000		-32353		-1990
1163		1163000		-32353		-1990
1164		1164000		-32353		-1990
1165		1165000		-32353		-1990
1166		1166000		-32353		-1990
1167		1167000		-32353		-1990
1168		1168000		-32353		-1990
1169		1169000		-32353		-1990
1170		1170000		-32353		-1990
1171		1171000		-32353		-1990
1172		1172000		-32353		-1990
1173		1173000		32064		1972
1174		1174000		32512		2000
1175		1175000		32512		2000
1176		1176000		32512		2000
1177		1177000		32512		2000
1178		1178000		32512		2000
1179		1179000		32512		2000
1180		1180000		32512		2000
1181		1181000		32512		2000
1182		1182000		32512		2000
1183		1183000		32512		2000
1184		1184000		32512		2000
1185		1185000		32512		2000
1186		1186000		32512		2000
1187		1187000		32512		2000
1188		1188000		32512		2000
1189		1189000		32512		2000
1190		1190000		32512		2000
1191		1191000		32512		2000
1192		1192000		32512		2000
1193		1193000		32512		2000
1194		1194000		32512		2000
1195		1195000		32512		2000
1196		1196000		32512		2000
1197		1197000		32512		2000
1198		1198000		32512		2000
1199		1199000		32512		2000
1200		1200000		32512		2000
1201		1201000		32512		2000
1202		1202000		32512		2000
1203		1203000		32512		2000
1204		1204000		32512		2000
1205		1205000		32512		2000
1206		1206000		32512		2000
1207		1207000		32512		2000
1208		1208000		32512		2000
1209		1209000		32512		2000
1210		1210000		32512		2000
1211		1211000		32512		2000
1212		1212000		32512		2000
1213		1213000		32512		2000
1214		1214000		32512		2000
1215		1215000		32512		2000
1216		1216000		32353		1990
1217		1217000		32512		2000
1218		1218000		32512		2000
1219		1219000		32512		2000
1220		1220000		32353		1990
1221		1221000		32512		2000
1222		1222000		32512		2000
1223		1223000		32512		2000
1224		1224000		32512		2000
1225		1225000		32512		2000
1226		1226000		32512		2000
1227		1227000		32512		2000
1228		1228000		32512		2000
1229		1229000		32512		2000
1230		1230000		32512		2000
1231		1231000		32512		2000
1232		1232000		32512		2000
1233		1233000		32512		2000
1234		1234000		32512		2000
1235		1235000		32512		2000
1236		1236000		32512		2000
1237		1237000		32512		2000
1238		1238000		32512		2000
1239		1239000		32512		2000
1240		1240000		32512		2000
1241		1241000		32512		2000
1242		1242000		32512		2000
1243		1243000		32512		2000
1244		1244000		32512		2000
1245		1245000		32512		2000
1246		1246000		32512		2000
1247		1247000		32512		2000
1248		1248000		32512		2000
1249		1249000		32512		2000
1250		1250000		32512		2000
1251		1251000		32512		2000
1252		1252000		32512		2000
1253		1253000		32512		2000
1254		1254000		32512		2000
1255		1255000		32512		2000
1256		1256000		32512		2000
1257		1257000		32512		2000
1258		1258000		32512		2000
1259		1259000		32512		2000
1260		1260000		32512		2000
1261		1261000		32512		2000
1262		1262000		32512		2000
1263		1263000		32512		2000
1264		1264000		32512		2000
1265		1265000		32512		2000
1266		1266000		32512		2000
1267		1267000		32512		2000
1268		1268000		32512		2000
1269		1269000		32512		2000
1270		1270000		32512		2000
1271		1271000		32512		2000
1272		1272000		32512		2000
1273		1273000		32512		2000
1274		1274000		32512		2000
1275		1275000		32512		2000
1276		1276000		32512		2000
1277		1277000		32512		2000
1278		1278000		32512		2000
1279		1279000		32512		2000
1280		1280000		32512		2000
1281		1281000		32512		2000
1282		1282000		32512		2000
1283		1283000		32512		2000
1284		1284000		32512		2000
1285		1285000		32512		2000
1286		1286000		32512		2000
1287		1287000		32512		2000
1288		1288000		32512		2000
1289		1289000		32512		2000
1290		1290000		32512		2000
1291		1291000		32512		2000
1292		1292000		32512		2000
1293		1293000		32512		2000
1294		1294000		32512		2000
1295		1295000		32512		2000
1296		1296000		32512		2000
1297		1297000		32512		2000
1298		1298000		32512		2000
1299		1299000		32512		2000
1300		1300000		32512		2000
1301		1301000		32512		2000
1302		1302000		32512		2000
1303		1303000		32512		2000
1304		1304000		32512		2000
1305		1305000		32512		2000
1306		1306000		32512		2000
1307		1307000		32512		2000
1308		1308000		32512		2000
1309		1309000		32512		2000
1310		1310000		32512		2000
1311		1311000		32512		2000
1312		1312000		32512		2000
1313		1313000		32512		2000
1314		1314000		32512		2000
1315		1315000		32512		2000
1316		1316000		32512		2000
1317		1317000		32512		2000
1318		1318000		32512		2000
1319		1319000		32512		2000
1320		1320000		32512		2000
1321		1321000		32512		2000
1322		1322000		32512		2000
1323		1323000		32512		2000
1324		1324000		32512		2000
1325		1325000		32512		2000
1326		1326000		32512		2000
1327		1327000		32512		2000
1328		1328000		32512		2000
1329		1329000		32512		2000
1330		1330000		32512		2000
1331		1331000		32512		2000
1332		1332000		32512		2000
1333		1333000		32512		2000
1334		1334000		32512		2000
1335		1335000		32512		2000
1336		1336000		32512		2000
1337		1337000		32512		2000
1338		1338000		32512		2000
1339		1339000		32512		2000
1340		1340000		32512		2000
1341		1341000		32512		2000
1342		1342000		32512		2000
1343		1343000		32512		2000
1344		1344000		32512		2000
1345		1345000		32512		2000
1346		1346000		32512		2000
1347		1347000		32512		2000
1348		1348000		32512		2000
1349		1349000		32512		2000
1350		1350000		32512		2000
1351		1351000		32512		2000
1352		1352000		32512		2000
1353		1353000		32512		2000
1354		1354000		32512		2000
1355		1355000		32512		2000
1356		1356000		32512		2000
1357		1357000		32512		2000
1358		1358000		32512		2000
1359		1359000		32512		2000
1360		1360000		32512		2000
1361		1361000		32512		2000
1362		1362000		32512		2000
1363		1363000		32512		2000
1364		1364000		32512		2000
1365		1365000		32512		2000
1366		1366000		32512		2000
1367		1367000		32512		2000
1368		1368000		32512		2000
1369		1369000		32512		2000
1370		1370000		32512		2000
1371		1371000		32512		2000
1372		1372000		32512		2000
1373		1373000		32512		2000
1374		1374000		32512		2000
1375		1375000		32512		2000
1376		1376000		32512		2000
1377		1377000		32512		2000
1378		1378000		32512		2000
1379		1379000		32512		2000
1380		1380000		32512		2000
1381		1381000		32512		2000
1382		1382000		32512		2000
1383		1383000		32512		2000
1384		1384000		32512		2000
1385		1385000		32512		2000
1386		1386000		32512		2000
1387		1387000		32512		2000
1388		1388000		32512		2000
1389		1389000		32512		2000
1390		1390000		32512		2000
1391		1391000		32512		2000
1392		1392000		32512		2000
1393		1393000		32512		2000
1394		1394000		32512		2000
1395		1395000		32512		2000
1396		1396000		32512		2000
1397		1397000		32512		2000
1398		1398000		32512		2000
1399		1399000		32512		2000
1400		1400000		32512		2000
1401		1401000		32512		2000
1402		1402000		32512		2000
1403		1403000		32512		2000
1404		1404000		32512		2000
1405		1405000		32512		2000
1406		1406000		32512		2000
1407		1407000		32512		2000
1408		1408000		32512		2000
1409		1409000		32512		2000
1410		1410000		32512		2000
1411		1411000		32512		2000
1412		1412000		32512		2000
1413		1413000		32512		2000
1414		1414000		32512		2000
1415		1415000		32512		2000
1416		1416000		32512		2000
1417		1417000		32512		2000
1418		1418000		32512		2000
1419		1419000		32512		2000
1420		1420000		32512		2000
1421		1421000		32512		2000
1422		1422000		32512		2000
1423		1423000		32512		2000
1424		1424000		32512		2000
1425		1425000		32512		2000
1426		1426000		32512		2000
1427		1427000		32512		2000
1428		1428000		32512		2000
1429		1429000		32512		2000
1430		1430000		32512		2000
1431		1431000		32512		2000
1432		1432000		32512		2000
1433		1433000		32512		2000
1434		1434000		32512		2000
1435		1435000		32512		2000
1436		1436000		32512		2000
1437		1437000		32512		2000
1438		1438000		32512		2000
1439		1439000		32512		2000
1440		1440000		32512		2000
1441		1441000		32512		2000
1442		1442000		32512		2000
1443		1443000		32512		2000
1444		1444000		32512		2000
1445		1445000		32512		2000
1446		1446000		32512		2000
1447		1447000		32512		2000
1448		1448000		32512		2000
1449		1449000		32512		2000
1450		1450000		32512		2000
1451		1451000		32512		2000
1452		1452000		32512		2000
1453		1453000		32512		2000
1454		1454000		32512		2000
1455		1455000		32353		1990
1456		1456000		32512		2000
1457		1457000		32512		2000
1458		1458000		32512		2000
1459		1459000		32512		2000
1460		1460000		32512		2000
1461		1461000		32512		2000
1462		1462000		32512		2000
1463		1463000		32512		2000
1464		1464000		32512		2000
1465		1465000		32512		2000
1466		1466000		32512		2000
1467		1467000		32512		2000
1468		1468000		32512		2000
1469		1469000		32512		2000
1470		1470000		32512		2000
1471		1471000		32512		2000
1472		1472000		32512		2000
1473		1473000		32512		2000
1474		1474000		32512		2000
1475		1475000		32512		2000
1476		1476000		32512		2000
1477		1477000		32512		2000
1478		1478000		32512		2000
1479		1479000		32512		2000
1480		1480000		32512		2000
1481		1481000		32512		2000
1482		1482000		32512		2000
1483		1483000		32512		2000
1484		1484000		32512		2000
1485		1485000		32512		2000
1486		1486000		32512		2000
1487		1487000		32512		2000
1488		1488000		32512		2000
1489		1489000		32353		1990
1490		1490000		32512		2000
1491		1491000		32512		2000
1492		1492000		32512		2000
1493		1493000		32512		2000
1494		1494000		32512		2000
1495		1495000		32512		2000
1496		1496000		32512		2000
1497		1497000		32512		2000
1498		1498000		32512		2000
1499		1499000		32353		1990
1500		1500000		32512		2000
1501		1501000		32512		2000
1502		1502000		32512		2000
1503		1503000		32512		2000
1504		1504000		32512		2000
1505		1505000		32512		2000
1506		1506000		32512		2000
1507		1507000		32512		2000
1508		1508000		32512		2000
1509		1509000		32512		2000
1510		1510000		32512		2000
1511		1511000		32512		2000
1512		1512000		32353		1990
1513		1513000		32512		2000
1514		1514000		32512		2000
1515		1515000		32512		2000
1516		1516000		32512		2000
1517		1517000		32512		2000
1518		1518000		32512		2000
1519		1519000		32512		2000
1520		1520000		32512		2000
1521		1521000		32512		2000
1522		1522000		32512		2000
1523		1523000		32512		2000
1524		1524000		32512		2000
1525		1525000		32512		2000
1526		1526000		32353		1990
1527		1527000		32512		2000
1528		1528000		32512		2000
1529		1529000		32512		2000
1530		1530000		32353		1990
1531		1531000		32512		2000
1532		1532000		32512		2000
1533		1533000		32512		2000
1534		1534000		32512		2000
1535		1535000		32512		2000
1536		1536000		32512		2000
1537		1537000		32353		1990
1538		1538000		32512		2000
1539		1539000		32512		2000
1540		1540000		32512		2000
1541		1541000		32512		2000
1542		1542000		32512		2000
1543		1543000		32512		2000
1544		1544000		32512		2000
1545		1545000		32512		2000
1546		1546000		32353		1990
1547		1547000		32512		2000
1548		1548000		32512		2000
1549		1549000		32353		1990
1550		1550000		32512		2000
1551		1551000		32512		2000
1552		1552000		32512		2000
1553		1553000		32512		2000
1554		1554000		32512		2000
1555		1555000		32512		2000
1556		1556000		32512		2000
1557		1557000		32512		2000
1558		1558000		32512		2000
1559		1559000		32512		2000
1560		1560000		32512		2000
1561		1561000		32512		2000
1562		1562000		32512		2000
1563		1563000		32512		2000
1564		1564000		32512		2000
1565		1565000		32512		2000
1566		1566000		32512		2000
1567		1567000		32512		2000
1568		1568000		32512		2000
1569		1569000		32512		2000
1570		1570000		32512		2000
1571		1571000		32512		2000
1572		1572000		32512		2000
1573		1573000		32512		2000
1574		1574000		32512		2000
1575		1575000		32512		2000
1576		1576000		32512		2000
1577		1577000		32512		2000
1578		1578000		32512		2000
1579		1579000		32512		2000
1580		1580000		32512		2000
1581		1581000		32512		2000
1582		1582000		32512		2000
1583		1583000		32512		2000
1584		1584000		32512		2000
1585		1585000		32512		2000
1586		1586000		32512		2000
1587		1587000		32512		2000
1588		1588000		32353		1990
1589		1589000		32512		2000
1590		1590000		32512		2000
1591		1591000		32512		2000
1592		1592000		32512		2000
1593		1593000		32512		2000
1594		1594000		32512		2000
1595		1595000		32512		2000
1596		1596000		32512		2000
1597		1597000		32512		2000
1598		1598000		32512		2000
1599		1599000		32512		2000
1600		1600000		32512		2000
1601		1601000		32512		2000
1602		1602000		32512		2000
1603		1603000		32512		2000
1604		1604000		32512		2000
1605		1605000		32512		2000
1606		1606000		32512		2000
1607		1607000		32512		2000
1608		1608000		32512		2000
1609		1609000		32512		2000
1610		1610000		32512		2000
1611		1611000		32512		2000
1612		1612000		32512		2000
1613		1613000		32512		2000
1614		1614000		32512		2000
1615		1615000		32512		2000
1616		1616000		32512		2000
1617		1617000		32512		2000
1618		1618000		32512		2000
1619		1619000		32512		2000
1620		1620000		32512		2000
1621		1621000		32512		2000
1622		1622000		32512		2000
1623		1623000		32512		2000
1624		1624000		32512		2000
1625		1625000		32353		1990
1626		1626000		32512		2000
1627		1627000		32512		2000
1628		1628000		32512		2000
1629		1629000		32512		2000
1630		1630000		32512		2000
1631		1631000		32512		2000
1632		1632000		32512		2000
1633		1633000		32512		2000
1634		1634000		32512		2000
1635		1635000		32512		2000
1636		1636000		32512		2000
1637		1637000		32512		2000
1638		1638000		32512		2000
1639		1639000		32512		2000
1640		1640000		32512		2000
1641		1641000		32512		2000
1642		1642000		32512		2000
1643		1643000		32353		1990
1644		1644000		32512		2000
1645		1645000		32512		2000
1646		1646000		32512		2000
1647		1647000		32512		2000
1648		1648000		32353		1990
1649		1649000		32512		2000
1650		1650000		32512		2000
1651		1651000		32512		2000
1652		1652000		32512		2000
1653		1653000		32512		2000
1654		1654000		32512		2000
1655		1655000		32512		2000
1656		1656000		32512		2000
1657		1657000		32512		2000
1658		1658000		32353		1990
1659		1659000		32512		2000
1660		1660000		32512		2000
1661		1661000		32512		2000
1662		1662000		32512		2000
1663		1663000		32512		2000
1664		1664000		32512		2000
1665		1665000		32512		2000
1666		1666000		32512		2000
1667		1667000		32512		2000
1668		1668000		32512		2000
1669		1669000		32512		2000
1670		1670000		32353		1990
1671		1671000		32512		2000
1672		1672000		32512		2000
1673		1673000		-31775		-1954
1674		1674000		-32353		-1990
1675		1675000		-32353		-1990
1676		1676000		-32353		-1990
1677		1677000		-32353		-1990
1678		1678000		-32353		-1990
1679		1679000		-32353		-1990
1680		1680000		-32512		-2000
1681		1681000		-32353		-1990
1682		1682000		-32512		-2000
1683		1683000		-32512		-2000
1684		1684000		-32353		-1990
1685		1685000		-32512		-2000
1686		1686000		-32512		-2000
1687		1687000		-32512		-2000
1688		1688000		-32512		-2000
1689		1689000		-32512		-2000
1690		1690000		-32512		-2000
1691		1691000		-32512		-2000
1692		1692000		-32512		-2000
1693		1693000		-32512		-2000
1694		1694000		-32512		-2000
1695		1695000		-32512		-2000
1696		1696000		-32512		-2000
1697		1697000		-32512		-2000
1698		1698000		-32353		-1990
1699		1699000		-32512		-2000
1700		1700000		-32353		-1990
1701		1701000		-32512		-2000
1702		1702000		-32512		-2000
1703		1703000		-32512		-2000
1704		1704000		-32512		-2000
1705		1705000		-32512		-2000
1706		1706000		-32512		-2000
1707		1707000		-32512		-2000
1708		1708000		-32512		-2000
1709		1709000		-32353		-1990
1710		1710000		-32353		-1990
1711		1711000		-32512		-2000
1712		1712000		-32512		-2000
1713		1713000		-32353		-1990
1714		1714000		-32512		-2000
1715		1715000		-32353		-1990
1716		1716000		-32512		-2000
1717		1717000		-32353		-1990
1718		1718000		-32512		-2000
1719		1719000		-32512		-2000
1720		1720000		-32512		-2000
1721		1721000		-32512		-2000
1722		1722000		-32353		-1990
1723		1723000		-32512		-2000
1724		1724000		-32353		-1990
1725		1725000		-32512		-2000
1726		1726000		-32512		-2000
1727		1727000		-32353		-1990
1728		1728000		-32512		-2000
1729		1729000		-32353		-1990
1730		1730000		-32512		-2000
1731		1731000		-32512		-2000
1732		1732000		-32512		-2000
1733		1733000		-32353		-1990
1734		1734000		-32512		-2000
1735		1735000		-32512		-2000
1736		1736000		-32512		-2000
1737		1737000		-32512		-2000
1738		1738000		-32353		-1990
1739		1739000		-32512		-2000
1740		1740000		-32512		-2000
1741		1741000		-32512		-2000
1742		1742000		-32512		-2000
1743		1743000		-32512		-2000
1744		1744000		-32512		-2000
1745		1745000		-32353		-1990
1746		1746000		-32353		-1990
1747		1747000		-32512		-2000
1748		1748000		-32512		-2000
1749		1749000		-32512		-2000
1750		1750000		-32512		-2000
1751		1751000		-32512		-2000
1752		1752000		-32512		-2000
1753		1753000		-32512		-2000
1754		1754000		-32512		-2000
1755		1755000		-32512		-2000
1756		1756000		-32512		-2000
1757		1757000		-32512		-2000
1758		1758000		-32512		-2000
1759		1759000		-32512		-2000
1760		1760000		-32512		-2000
1761		1761000		-32512		-2000
1762		1762000		-32512		-2000
1763		1763000		-32512		-2000
1764		1764000		-32512		-2000
1765		1765000		-32512		-2000
1766		1766000		-32512		-2000
1767		1767000		-32512		-2000
1768		1768000		-32512		-2000
1769		1769000		-32353		-1990
1770		1770000		-32512		-2000
1771		1771000		-32512		-2000
1772		1772000		-32512		-2000
1773		1773000		-32512		-2000
1774		1774000		-32353		-1990
1775		1775000		-32512		-2000
1776		1776000		-32512		-2000
1777		1777000		-32512		-2000
1778		1778000		-32512		-2000
1779		1779000		-32512		-2000
1780		1780000		-32512		-2000
1781		1781000		-32353		-1990
1782		1782000		-32512		-2000
1783		1783000		-32353		-1990
1784		1784000		-32353		-1990
1785		1785000		-32353		-1990
1786		1786000		-32512		-2000
1787		1787000		-32512		-2000
1788		1788000		-32353		-1990
1789		1789000		-32512		-2000
1790		1790000		-32353		-1990
1791		1791000		-32512		-2000
1792		1792000		-32353		-1990
1793		1793000		-32512		-2000
1794		1794000		-32353		-1990
1795		1795000		-32353		-1990
1796		1796000		-32353		-1990
1797		1797000		-32512		-2000
1798		1798000		-32512		-2000
1799		1799000		-32353		-1990
1800		1800000		-32353		-1990
1801		1801000		-32353		-1990
1802		1802000		-32512		-2000
1803		1803000		-32353		-1990
1804		1804000		-32512		-2000
1805		1805000		-32512		-2000
1806		1806000		-32353		-1990
1807		1807000		-32512		-2000
1808		1808000		-32353		-1990
1809		1809000		-32512		-2000
1810		1810000		-32353		-1990
1811		1811000		-32353		-1990
1812		1812000		-32353		-1990
1813		1813000		-32512		-2000
1814		1814000		-32512		-2000
1815		1815000		-32512		-2000
1816		1816000		-32512		-2000
1817		1817000		-32353		-1990
1818		1818000		-32353		-1990
1819		1819000		-32512		-2000
1820		1820000		-32512		-2000
1821		1821000		-32512		-2000
1822		1822000		-32512		-2000
1823		1823000		-32353		-1990
1824		1824000		-32353		-1990
1825		1825000		-32512		-2000
1826		1826000		-32353		-1990
1827		1827000		-32353		-1990
1828		1828000		-32512		-2000
1829		1829000		-32353		-1990
1830		1830000		-32512		-2000
1831		1831000		-32353		-1990
1832		1832000		-32353		-1990
1833		1833000		-32512		-2000
1834		1834000		-32353		-1990
1835		1835000		-32353		-1990
1836		1836000		-32512		-2000
1837		1837000		-32353		-1990
1838		1838000		-32353		-1990
1839		1839000		-32353		-1990
1840		1840000		-32353		-1990
1841		1841000		-32353		-1990
1842		1842000		-32353		-1990
1843		1843000		-32353		-1990
1844		1844000		-32512		-2000
1845		1845000		-32353		-1990
1846		1846000		-32353		-1990
1847		1847000		-32353		-1990
1848		1848000		-32353		-1990
1849		1849000		-32353		-1990
1850		1850000		-32512		-2000
1851		1851000		-32353		-1990
1852		1852000		-32512		-2000
1853		1853000		-32353		-1990
1854		1854000		-32353		-1990
1855		1855000		-32353		-1990
1856		1856000		-32353		-1990
1857		1857000		-32353		-1990
1858		1858000		-32353		-1990
1859		1859000		-32353		-1990
1860		1860000		-32353		-1990
1861		1861000		-32353		-1990
1862		1862000		-32353		-1990
1863		1863000		-32512		-2000
1864		1864000		-32353		-1990
1865		1865000		-32353		-1990
1866		1866000		-32353		-1990
1867		1867000		-32512		-2000
1868		1868000		-32353		-1990
1869		1869000		-32353		-1990
1870		1870000		-32353		-1990
1871		1871000		-32353		-1990
1872		1872000		-32353		-1990
1873		1873000		-32353		-1990
1874		1874000		-32353		-1990
1875		1875000		-32353		-1990
1876		1876000		-32353		-1990
1877		1877000		-32353		-1990
1878		1878000		-32353		-1990
1879		1879000		-32353		-1990
1880		1880000		-32353		-1990
1881		1881000		-32064		-1972
1882		1882000		-32353		-1990
1883		1883000		-32353		-1990
1884		1884000		-32353		-1990
1885		1885000		-32353		-1990
1886		1886000		-32353		-1990
1887		1887000		-32353		-1990
1888		1888000		-32353		-1990
1889		1889000		-32353		-1990
1890		1890000		-32064		-1972
1891		1891000		-32353		-1990
1892		1892000		-32353		-1990
1893		1893000		-32353		-1990
1894		1894000		-32353		-1990
1895		1895000		-32353		-1990
1896		1896000		-32512		-2000
1897		1897000		-32353		-1990
1898		1898000		-32064		-1972
1899		1899000		-32064		-1972
1900		1900000		-32512		-2000
1901		1901000		-32353		-1990
1902		1902000		-32353		-1990
1903		1903000		-32353		-1990
1904		1904000		-32353		-1990
1905		1905000		-32064		-1972
1906		1906000		-32353		-1990
1907		1907000		-32353		-1990
1908		1908000		-32353		-1990
1909		1909000		-32353		-1990
1910		1910000		-32353		-1990
1911		1911000		-32353		-1990
1912		1912000		-32064		-1972
1913		1913000		-32353		-1990
1914		1914000		-32353		-1990
1915		1915000		-32353		-1990
1916		1916000		-32353		-1990
1917		1917000		-32353		-1990
1918		1918000		-32353		-1990
1919		1919000		-32353		-1990
1920		1920000		-32353		-1990
1921		1921000		-32353		-1990
1922		1922000		-32353		-1990
1923		1923000		-32353		-1990
1924		1924000		-32353		-1990
1925		1925000		-32353		-1990
1926		1926000		-32353		-1990
1927		1927000		-32353		-1990
1928		1928000		-32353		-1990
1929		1929000		-32353		-1990
1930		1930000		-32353		-1990
1931		1931000		-32064		-1972
1932		1932000		-32353		-1990
1933		1933000		-32353		-1990
1934		1934000		-32353		-1990
1935		1935000		-32353		-1990
1936		1936000		-32353		-1990
1937		1937000		-32353		-1990
1938		1938000		-32064		-1972
1939		1939000		-32353		-1990
1940		1940000		-32353		-1990
1941		1941000		-32353		-1990
1942		1942000		-32353		-1990
1943		1943000		-32353		-1990
1944		1944000		-32353		-1990
1945		1945000		-32064		-1972
1946		1946000		-32353		-1990
1947		1947000		-32064		-1972
1948		1948000		-32353		-1990
1949		1949000		-32353		-1990
1950		1950000		-32353		-1990
1951		1951000		-32353		-1990
1952		1952000		-32353		-1990
1953		1953000		-32353		-1990
1954		1954000		-32064		-1972
1955		1955000		-32353		-1990
1956		1956000		-32353		-1990
1957		1957000		-32353		-1990
1958		1958000		-32353		-1990
1959		1959000		-32353		-1990
1960		1960000		-32064		-1972
1961		1961000		-32353		-1990
1962		1962000		-32353		-1990
1963		1963000		-32353		-1990
1964		1964000		-32353		-1990
1965		1965000		-32353		-1990
1966		1966000		-32353		-1990
1967		1967000		-32353		-1990
1968		1968000		-32353		-1990
1969		1969000		-32353		-1990
1970		1970000		-32353		-1990
1971		1971000		-32353		-1990
1972		1972000		-32353		-1990
1973		1973000		-32353		-1990
1974		1974000		-32353		-1990
1975		1975000		-32353		-1990
1976		1976000		-32353		-1990
1977		1977000		-32353		-1990
1978		1978000		-32353		-1990
1979		1979000		-32353		-1990
1980		1980000		-32064		-1972
1981		1981000		-32353		-1990
1982		1982000		-32353		-1990
1983		1983000		-32353		-1990
1984		1984000		-32353		-1990
1985		1985000		-32353		-1990
1986		1986000		-32353		-1990
1987		1987000		-32353		-1990
1988		1988000		-32353		-1990
1989		1989000		-32353		-1990
1990		1990000		-32353		-1990
1991		1991000		-32353		-1990
1992		1992000		-32353		-1990
1993		1993000		-32064		-1972
1994		1994000		-32353		-1990
1995		1995000		-32353		-1990
1996		1996000		-32353		-1990
1997		1997000		-32353		-1990
1998		1998000		-32353		-1990
1999		1999000		-32353		-1990
2000		2000000		-32064		-1972
2001		2001000		-32353		-1990
2002		2002000		-32353		-1990
2003		2003000		-32353		-1990
2004		2004000		-32353		-1990
2005		2005000		-32353		-1990
2006		2006000		-32353		-1990
2007		2007000		-32064		-1972
2008		2008000		-32353		-1990
2009		2009000		-32353		-1990
2010		2010000		-32353		-1990
2011		2011000		-32353		-1990
2012		2012000		-32353		-1990
2013		2013000		-32353		-1990
2014		2014000		-32353		-1990
2015		2015000		-32353		-1990
2016		2016000		-32064		-1972
2017		2017000		-32353		-1990
2018		2018000		-32353		-1990
2019		2019000		-32353		-1990
2020		2020000		-32353		-1990
2021		2021000		-32353		-1990
2022		2022000		-32353		-1990
2023		2023000		-32353		-1990
2024		2024000		-32353		-1990
2025		2025000		-32353		-1990
2026		2026000		-32353		-1990
2027		2027000		-32353		-1990
2028		2028000		-32353		-1990
2029		2029000		-32353		-1990
2030		2030000		-32353		-1990
2031		2031000		-32512		-2000
2032		2032000		-32353		-1990
2033		2033000		-32353		-1990
2034		2034000		-32353		-1990
2035		2035000		-32353		-1990
2036		2036000		-32353		-1990
2037		2037000		-32353		-1990
2038		2038000		-32353		-1990
2039		2039000		-32353		-1990
2040		2040000		-32353		-1990
2041		2041000		-32353		-1990
2042		2042000		-32353		-1990
2043		2043000		-32353		-1990
2044		2044000		-32353		-1990
2045		2045000		-32064		-1972
2046		2046000		-32353		-1990
2047		2047000		-32512		-2000
2048		2048000		-32353		-1990
2049		2049000		-32353		-1990
2050		2050000		-32353		-1990
2051		2051000		-32353		-1990
2052		2052000		-32512		-2000
2053		2053000		-32353		-1990
2054		2054000		-32064		-1972
2055		2055000		-32353		-1990
2056		2056000		-32353		-1990
2057		2057000		-32353		-1990
2058		2058000		-32353		-1990
2059		2059000		-32353		-1990
2060		2060000		-32353		-1990
2061		2061000		-32353		-1990
2062		2062000		-32353		-1990
2063		2063000		-32353		-1990
2064		2064000		-32064		-1972
2065		2065000		-32353		-1990
2066		2066000		-32353		-1990
2067		2067000		-32353		-1990
2068		2068000		-32353		-1990
2069		2069000		-32353		-1990
2070		2070000		-32353		-1990
2071		2071000		-32353		-1990
2072		2072000		-32353		-1990
2073		2073000		-32353		-1990
2074		2074000		-32353		-1990
2075		2075000		-32353		-1990
2076		2076000		-32353		-1990
2077		2077000		-32353		-1990
2078		2078000		-32353		-1990
2079		2079000		-32353		-1990
2080		2080000		-32353		-1990
2081		2081000		-32353		-1990
2082		2082000		-32353		-1990
2083		2083000		-32353		-1990
2084		2084000		-32353		-1990
2085		2085000		-32512		-2000
2086		2086000		-32353		-1990
2087		2087000		-32353		-1990
2088		2088000		-32353		-1990
2089		2089000		-32353		-1990
2090		2090000		-32353		-1990
2091		2091000		-32353		-1990
2092		2092000		-32353		-1990
2093		2093000		-32064		-1972
2094		2094000		-32353		-1990
2095		2095000		-32353		-1990
2096		2096000		-32353		-1990
2097		2097000		-32353		-1990
2098		2098000		-32353		-1990
2099		2099000		-32353		-1990
2100		2100000		-32064		-1972
2101		2101000		-32353		-1990
2102		2102000		-32353		-1990
2103		2103000		-32353		-1990
2104		2104000		-32353		-1990
2105		2105000		-32353		-1990
2106		2106000		-32353		-1990
2107		2107000		-32353		-1990
2108		2108000		-32353		-1990
2109		2109000		-32353		-1990
2110		2110000		-32353		-1990
2111		2111000		-32353		-1990
2112		2112000		-32353		-1990
2113		2113000		-32353		-1990
2114		2114000		-31775		-1954
2115		2115000		-32353		-1990
2116		2116000		-32353		-1990
2117		2117000		-32353		-1990
2118		2118000		-32353		-1990
2119		2119000		-32064		-1972
2120		2120000		-32353		-1990
2121		2121000		-32353		-1990
2122		2122000		-32353		-1990
2123		2123000		-32353		-1990
2124		2124000		-32353		-1990
2125		2125000		-32353		-1990
2126		2126000		-32064		-1972
2127		2127000		-32353		-1990
2128		2128000		-32353		-1990
2129		2129000		-32353		-1990
2130		2130000		-32353		-1990
2131		2131000		-32353		-1990
2132		2132000		-32353		-1990
2133		2133000		-32064		-1972
2134		2134000		-32064		-1972
2135		2135000		-32353		-1990
2136		2136000		-32353		-1990
2137		2137000		-32064		-1972
2138		2138000		-32064		-1972
2139		2139000		-32353		-1990
2140		2140000		-32064		-1972
2141		2141000		-32353		-1990
2142		2142000		-32353		-1990
2143		2143000		-32353		-1990
2144		2144000		-32353		-1990
2145		2145000		-32353		-1990
2146		2146000		-32353		-1990
2147		2147000		-32353		-1990
2148		2148000		-32064		-1972
2149		2149000		-32353		-1990
2150		2150000		-32353		-1990
2151		2151000		-32353		-1990
2152		2152000		-32353		-1990
2153		2153000		-32064		-1972
2154		2154000		-32064		-1972
2155		2155000		-32353		-1990
2156		2156000		-32353		-1990
2157		2157000		-32064		-1972
2158		2158000		-32353		-1990
2159		2159000		-32353		-1990
2160		2160000		-32353		-1990
2161		2161000		-32064		-1972
2162		2162000		-32353		-1990
2163		2163000		-32353		-1990
2164		2164000		-32512		-2000
2165		2165000		-32353		-1990
2166		2166000		-32064		-1972
2167		2167000		-32353		-1990
2168		2168000		-32064		-1972
2169		2169000		-32064		-1972
2170		2170000		-32353		-1990
2171		2171000		-32353		-1990
2172		2172000		-32353		-1990
2173		2173000		32064		1972
2174		2174000		32512		2000
2175		2175000		32512		2000
2176		2176000		32512		2000
2177		2177000		32512		2000
2178		2178000		32512		2000
2179		2179000		32512		2000
2180		2180000		32512		2000
2181		2181000		32512		2000
2182		2182000		32512		2000
2183		2183000		32512		2000
2184		2184000		32512		2000
2185		2185000		32512		2000
2186		2186000		32512		2000
2187		2187000		32512		2000
2188		2188000		32512		2000
2189		2189000		32512		2000
2190		2190000		32512		2000
2191		2191000		32512		2000
2192		2192000		32512		2000
2193		2193000		32512		2000
2194		2194000		32512		2000
2195		2195000		32512		2000
2196		2196000		32512		2000
2197		2197000		32512		2000
2198		2198000		32512		2000
2199		2199000		32512		2000
2200		2200000		32512		2000
2201		2201000		32512		2000
2202		2202000		32512		2000
2203		2203000		32512		2000
2204		2204000		32512		2000
2205		2205000		32512		2000
2206		2206000		32512		2000
2207		2207000		32512		2000
2208		2208000		32512		2000
2209		2209000		32512		2000
2210		2210000		32512		2000
2211		2211000		32512		2000
2212		2212000		32512		2000
2213		2213000		32512		2000
2214		2214000		32512		2000
2215		2215000		32512		2000
2216		2216000		32512		2000
2217		2217000		32512		2000
2218		2218000		32512		2000
2219		2219000		32512		2000
2220		2220000		32512		2000
2221		2221000		32512		2000
2222		2222000		32512		2000
2223		2223000		32512		2000
2224		2224000		32512		2000
2225		2225000		32512		2000
2226		2226000		32512		2000
2227		2227000		32512		2000
2228		2228000		32512		2000
2229		2229000		32512		2000
2230		2230000		32512		2000
2231		2231000		32512		2000
2232		2232000		32512		2000
2233		2233000		32512		2000
2234		2234000		32512		2000
2235		2235000		32512		2000
2236		2236000		32512		2000
2237		2237000		32512		2000
2238		2238000		32512		2000
2239		2239000		32353		1990
2240		2240000		32512		2000
2241		2241000		32512		2000
2242		2242000		32512		2000
2243		2243000		32512		2000
2244		2244000		32512		2000
2245		2245000		32512		2000
2246		2246000		32512		2000
2247		2247000		32512		2000
2248		2248000		32512		2000
2249		2249000		32512		2000
2250		2250000		32512		2000
2251		2251000		32512		2000
2252		2252000		32512		2000
2253		2253000		32512		2000
2254		2254000		32512		2000
2255		2255000		32512		2000
2256		2256000		32512		2000
2257		2257000		32512		2000
2258		2258000		32512		2000
2259		2259000		32512		2000
2260		2260000		32512		2000
2261		2261000		32512		2000
2262		2262000		32512		2000
2263		2263000		32512		2000
2264		2264000		32512		2000
2265		2265000		32512		2000
2266		2266000		32512		2000
2267		2267000		32512		2000
2268		2268000		32512		2000
2269		2269000		32512		2000
2270		2270000		32512		2000
2271		2271000		32512		2000
2272		2272000		32512		2000
2273		2273000		32512		2000
2274		2274000		32512		2000
2275		2275000		32512		2000
2276		2276000		32512		2000
2277		2277000		32512		2000
2278		2278000		32512		2000
2279		2279000		32512		2000
2280		2280000		32512		2000
2281		2281000		32512		2000
2282		2282000		32512		2000
2283		2283000		32512		2000
2284		2284000		32512		2000
2285		2285000		32512		2000
2286		2286000		32512		2000
2287		2287000		32512		2000
2288		2288000		32512		2000
2289		2289000		32512		2000
2290		2290000		32353		1990
2291		2291000		32512		2000
2292		2292000		32512		2000
2293		2293000		32512		2000
2294		2294000		32512		2000
2295		2295000		32512		2000
2296		2296000		32512		2000
2297		2297000		32512		2000
2298		2298000		32353		1990
2299		2299000		32512		2000
2300		2300000		32512		2000
2301		2301000		32512		2000
2302		2302000		32512		2000
2303		2303000		32512		2000
2304		2304000		32512		2000
2305		2305000		32512		2000
2306		2306000		32512		2000
2307		2307000		32512		2000
2308		2308000		32512		2000
2309		2309000		32512		2000
2310		2310000		32512		2000
2311		2311000		32512		2000
2312		2312000		32512		2000
2313		2313000		32512		2000
2314		2314000		32512		2000
2315		2315000		32512		2000
2316		2316000		32512		2000
2317		2317000		32512		2000
2318		2318000		32512		2000
2319		2319000		32512		2000
2320		2320000		32512		2000
2321		2321000		32512		2000
2322		2322000		32512		2000
2323		2323000		32353		1990
2324		2324000		32512		2000
2325		2325000		32512		2000
2326		2326000		32353		1990
2327		2327000		32512		2000
2328		2328000		32512		2000
2329		2329000		32512		2000
2330		2330000		32512		2000
2331		2331000		32512		2000
2332		2332000		32512		2000
2333		2333000		32512		2000
2334		2334000		32512		2000
2335		2335000		32512		2000
2336		2336000		32512		2000
2337		2337000		32512		2000
2338		2338000		32512		2000
2339		2339000		32512		2000
2340		2340000		32512		2000
2341		2341000		32512		2000
2342		2342000		32512		2000
2343		2343000		32512		2000
2344		2344000		32512		2000
2345		2345000		32512		2000
2346		2346000		32512		2000
2347		2347000		32512		2000
2348		2348000		32512		2000
2349		2349000		32512		2000
2350		2350000		32512		2000
2351		2351000		32512		2000
2352		2352000		32512		2000
2353		2353000		32512		2000
2354		2354000		32512		2000
2355		2355000		32353		1990
2356		2356000		32512		2000
2357		2357000		32512		2000
2358		2358000		32512		2000
2359		2359000		32512		2000
2360		2360000		32512		2000
2361		2361000		32353		1990
2362		2362000		32512		2000
2363		2363000		32512		2000
2364		2364000		32512		2000
2365		2365000		32512		2000
2366		2366000		32512		2000
2367		2367000		32512		2000
2368		2368000		32353		1990
2369		2369000		32512		2000
2370		2370000		32512		2000
2371		2371000		32512		2000
2372		2372000		32353		1990
2373		2373000		32512		2000
2374		2374000		32512		2000
2375		2375000		32512		2000
2376		2376000		32512		2000
2377		2377000		32512		2000
2378		2378000		32512		2000
2379		2379000		32512		2000
2380		2380000		32353		1990
2381		2381000		32512		2000
2382		2382000		32512		2000
2383		2383000		32512		2000
2384		2384000		32512		2000
2385		2385000		32512		2000
2386		2386000		32512		2000
2387		2387000		32512		2000
2388		2388000		32512		2000
2389		2389000		32512		2000
2390		2390000		32512		2000
2391		2391000		32512		2000
2392		2392000		32512		2000
2393		2393000		32512		2000
2394		2394000		32512		2000
2395		2395000		32512		2000
2396		2396000		32512		2000
2397		2397000		32353		1990
2398		2398000		32512		2000
2399		2399000		32512		2000
2400		2400000		32512		2000
2401		2401000		32512		2000
2402		2402000		32512		2000
2403		2403000		32512		2000
2404		2404000		32512		2000
2405		2405000		32512		2000
2406		2406000		32512		2000
2407		2407000		32512		2000
2408		2408000		32512		2000
2409		2409000		32512		2000
2410		2410000		32353		1990
2411		2411000		32512		2000
2412		2412000		32512		2000
2413		2413000		32353		1990
2414		2414000		32512		2000
2415		2415000		32512		2000
2416		2416000		32512		2000
2417		2417000		32512		2000
2418		2418000		32353		1990
2419		2419000		32512		2000
2420		2420000		32512		2000
2421		2421000		32512		2000
2422		2422000		32512		2000
2423		2423000		32512		2000
2424		2424000		32512		2000
2425		2425000		32512		2000
2426		2426000		32512		2000
2427		2427000		32512		2000
2428		2428000		32512		2000
2429		2429000		32512		2000
2430		2430000		32353		1990
2431		2431000		32512		2000
2432		2432000		32512		2000
2433		2433000		32512		2000
2434		2434000		32512		2000
2435		2435000		32512		2000
2436		2436000		32512		2000
2437		2437000		32512		2000
2438		2438000		32512		2000
2439		2439000		32512		2000
2440		2440000		32512		2000
2441		2441000		32353		1990
2442		2442000		32512		2000
2443		2443000		32512		2000
2444		2444000		32353		1990
2445		2445000		32512		2000
2446		2446000		32512		2000
2447		2447000		32512		2000
2448		2448000		32512		2000
2449		2449000		32512		2000
2450		2450000		32512		2000
2451		2451000		32512		2000
2452		2452000		32512		2000
2453		2453000		32512		2000
2454		2454000		32512		2000
2455		2455000		32512		2000
2456		2456000		32353		1990
2457		2457000		32512		2000
2458		2458000		32353		1990
2459		2459000		32512		2000
2460		2460000		32512		2000
2461		2461000		32512		2000
2462		2462000		32512		2000
2463		2463000		32512		2000
2464		2464000		32512		2000
2465		2465000		32512		2000
2466		2466000		32512		2000
2467		2467000		32512		2000
2468		2468000		32512		2000
2469		2469000		32512		2000
2470		2470000		32512		2000
2471		2471000		32512		2000
2472		2472000		32353		1990
2473		2473000		32512		2000
2474		2474000		32512		2000
2475		2475000		32353		1990
2476		2476000		32512		2000
2477		2477000		32353		1990
2478		2478000		32512		2000
2479		2479000		32512		2000
2480		2480000		32353		1990
2481		2481000		32512		2000
2482		2482000		32353		1990
2483		2483000		32512		2000
2484		2484000		32512		2000
2485		2485000		32512		2000
2486		2486000		32353		1990
2487		2487000		32512		2000
2488		2488000		32512		2000
2489		2489000		32353		1990
2490		2490000		32512		2000
2491		2491000		32512		2000
2492		2492000		32512		2000
2493		2493000		32512		2000
2494		2494000		32353		1990
2495		2495000		32353		1990
2496		2496000		32512		2000
2497		2497000		32353		1990
2498		2498000		32512		2000
2499		2499000		32353		1990
2500		2500000		32512		2000
2501		2501000		32353		1990
2502		2502000		32353		1990
2503		2503000		32512		2000
2504		2504000		32353		1990
2505		2505000		32512		2000
2506		2506000		32353		1990
2507		2507000		32512		2000
2508		2508000		32353		1990
2509		2509000		32512		2000
2510		2510000		32353		1990
2511		2511000		32353		1990
2512		2512000		32353		1990
2513		2513000		32512		2000
2514		2514000		32353		1990
2515		2515000		32353		1990
2516		2516000		32512		2000
2517		2517000		32353		1990
2518		2518000		32353		1990
2519		2519000		32353		1990
2520		2520000		32512		2000
2521		2521000		32512		2000
2522		2522000		32512		2000
2523		2523000		32512		2000
2524		2524000		32512		2000
2525		2525000		32512		2000
2526		2526000		32353		1990
2527		2527000		32512		2000
2528		2528000		32512		2000
2529		2529000		32512		2000
2530		2530000		32353		1990
2531		2531000		32512		2000
2532		2532000		32353		1990
2533		2533000		32512		2000
2534		2534000		32512		2000
2535		2535000		32512		2000
2536		2536000		32512		2000
2537		2537000		32353		1990
2538		2538000		32512		2000
2539		2539000		32353		1990
2540		2540000		32512		2000
2541		2541000		32353		1990
2542		2542000		32353		1990
2543		2543000		32512		2000
2544		2544000		32353		1990
2545		2545000		32353		1990
2546		2546000		32353		1990
2547		2547000		32512		2000
2548		2548000		32512		2000
2549		2549000		32353		1990
2550		2550000		32512		2000
2551		2551000		32512		2000
2552		2552000		32512		2000
2553		2553000		32353		1990
2554		2554000		32353		1990
2555		2555000		32512		2000
2556		2556000		32353		1990
2557		2557000		32353		1990
2558		2558000		32353		1990
2559		2559000		32353		1990
2560		2560000		32353		1990
2561		2561000		32353		1990
2562		2562000		32353		1990
2563		2563000		32353		1990
2564		2564000		32353		1990
2565		2565000		32512		2000
2566		2566000		32512		2000
2567		2567000		32353		1990
2568		2568000		32353		1990
2569		2569000		32353		1990
2570		2570000		32353		1990
2571		2571000		32512		2000
2572		2572000		32512		2000
2573		2573000		32353		1990
2574		2574000		32353		1990
2575		2575000		32353		1990
2576		2576000		32353		1990
2577		2577000		32353		1990
2578		2578000		32353		1990
2579		2579000		32353		1990
2580		2580000		32512		2000
2581		2581000		32353		1990
2582		2582000		32512		2000
2583		2583000		32512		2000
2584		2584000		32512		2000
2585		2585000		32512		2000
2586		2586000		32353		1990
2587		2587000		32353		1990
2588		2588000		32512		2000
2589		2589000		32353		1990
2590		2590000		32353		1990
2591		2591000		32512		2000
2592		2592000		32353		1990
2593		2593000		32353		1990
2594		2594000		32353		1990
2595		2595000		32353		1990
2596		2596000		32512		2000
2597		2597000		32353		1990
2598		2598000		32353		1990
2599		2599000		32353		1990
2600		2600000		32512		2000
2601		2601000		32353		1990
2602		2602000		32512		2000
2603		2603000		32353		1990
2604		2604000		32353		1990
2605		2605000		32353		1990
2606		2606000		32353		1990
2607		2607000		32512		2000
2608		2608000		32353		1990
2609		2609000		32353		1990
2610		2610000		32353		1990
2611		2611000		32353		1990
2612		2612000		32512		2000
2613		2613000		32064		1972
2614		2614000		32512		2000
2615		2615000		32512		2000
2616		2616000		32512		2000
2617		2617000		32353		1990
2618		2618000		32353		1990
2619		2619000		32512		2000
2620		2620000		32512		2000
2621		2621000		32512		2000
2622		2622000		32353		1990
2623		2623000		32353		1990
2624		2624000		32512		2000
2625		2625000		32353		1990
2626		2626000		32353		1990
2627		2627000		32353		1990
2628		2628000		32353		1990
2629		2629000		32353		1990
2630		2630000		32353		1990
2631		2631000		32353		1990
2632		2632000		32353		1990
2633		2633000		32512		2000
2634		2634000		32512		2000
2635		2635000		32512		2000
2636		2636000		32512		2000
2637		2637000		32512		2000
2638		2638000		32512		2000
2639		2639000		32353		1990
2640		2640000		32512		2000
2641		2641000		32512		2000
2642		2642000		32512		2000
2643		2643000		32512		2000
2644		2644000		32512		2000
2645		2645000		32512		2000
2646		2646000		32512		2000
2647		2647000		32512		2000
2648		2648000		32512		2000
2649		2649000		32353		1990
2650		2650000		32512		2000
2651		2651000		32353		1990
2652		2652000		32512		2000
2653		2653000		32512		2000
2654		2654000		32353		1990
2655		2655000		32353		1990
2656		2656000		32512		2000
2657		2657000		32512		2000
2658		2658000		32512		2000
2659		2659000		32512		2000
2660		2660000		32512		2000
2661		2661000		32512		2000
2662		2662000		32512		2000
2663		2663000		32512		2000
2664		2664000		32512		2000
2665		2665000		32512		2000
2666		2666000		32512		2000
2667		2667000		32512		2000
2668		2668000		32512		2000
2669		2669000		32353		1990
2670		2670000		32353		1990
2671		2671000		32512		2000
2672		2672000		32353		1990
2673		2673000		-32064		-1972
2674		2674000		-32353		-1990
2675		2675000		-32353		-1990
2676		2676000		-32353		-1990
2677		2677000		-32353		-1990
2678		2678000		-32512		-2000
2679		2679000		-32512		-2000
2680		2680000		-32512		-2000
2681		2681000		-32353		-1990
2682		2682000		-32512		-2000
2683		2683000		-32512		-2000
2684		2684000		-32512		-2000
2685		2685000		-32512		-2000
2686		2686000		-32512		-2000
2687		2687000		-32512		-2000
2688		2688000		-32512		-2000
2689		2689000		-32512		-2000
2690		2690000		-32512		-2000
2691		2691000		-32512		-2000
2692		2692000		-32512		-2000
2693		2693000		-32512		-2000
2694		2694000		-32512		-2000
2695		2695000		-32353		-1990
2696		2696000		-32512		-2000
2697		2697000		-32353		-1990
2698		2698000		-32512		-2000
2699		2699000		-31486		-1936
2700		2700000		-32512		-2000
2701		2701000		-32512		-2000
2702		2702000		-32353		-1990
2703		2703000		-32512		-2000
2704		2704000		-32512		-2000
2705		2705000		-32353		-1990
2706		2706000		-32512		-2000
2707		2707000		-32512		-2000
2708		2708000		-32353		-1990
2709		2709000		-32353		-1990
2710		2710000		-32353		-1990
2711		2711000		-32353		-1990
2712		2712000		-32512		-2000
2713		2713000		-32353		-1990
2714		2714000		-32512		-2000
2715		2715000		-32353		-1990
2716		2716000		-32353		-1990
2717		2717000		-32512		-2000
2718		2718000		-32353		-1990
2719		2719000		-32353		-1990
2720		2720000		-32353		-1990
2721		2721000		-32353		-1990
2722		2722000		-32512		-2000
2723		2723000		-32512		-2000
2724		2724000		-32353		-1990
2725		2725000		-32512		-2000
2726		2726000		-32512		-2000
2727		2727000		-32512		-2000
2728		2728000		-32353		-1990
2729		2729000		-32353		-1990
2730		2730000		-32353		-1990
2731		2731000		-32512		-2000
2732		2732000		-32353		-1990
2733		2733000		-32353		-1990
2734		2734000		-32353		-1990
2735		2735000		-32353		-1990
2736		2736000		-32353		-1990
2737		2737000		-32353		-1990
2738		2738000		-32512		-2000
2739		2739000		-32353		-1990
2740		2740000		-32512		-2000
2741		2741000		-32353		-1990
2742		2742000		-32512		-2000
2743		2743000		-32512		-2000
2744		2744000		-32512		-2000
2745		2745000		-32353		-1990
2746		2746000		-32512		-2000
2747		2747000		-32353		-1990
2748		2748000		-32353		-1990
2749		2749000		-32353		-1990
2750		2750000		-32512		-2000
2751		2751000		-32353		-1990
2752		2752000		-32353		-1990
2753		2753000		-32353		-1990
2754		2754000		-32353		-1990
2755		2755000		-32512		-2000
2756		2756000		-32353		-1990
2757		2757000		-32353		-1990
2758		2758000		-32353		-1990
2759		2759000		-32353		-1990
2760		2760000		-32353		-1990
2761		2761000		-32353		-1990
2762		2762000		-32064		-1972
2763		2763000		-32353		-1990
2764		2764000		-32353		-1990
2765		2765000		-32353		-1990
2766		2766000		-32512		-2000
2767		2767000		-32512		-2000
2768		2768000		-32353		-1990
2769		2769000		-32512		-2000
2770		2770000		-32512		-2000
2771		2771000		-32353		-1990
2772		2772000		-32353		-1990
2773		2773000		-32512		-2000
2774		2774000		-32353		-1990
2775		2775000		-32353		-1990
2776		2776000		-32512		-2000
2777		2777000		-32512		-2000
2778		2778000		-32353		-1990
2779		2779000		-32353		-1990
2780		2780000		-32512		-2000
2781		2781000		-32353		-1990
2782		2782000		-32512		-2000
2783		2783000		-32353		-1990
2784		2784000		-32353		-1990
2785		2785000		-32353		-1990
2786		2786000		-32353		-1990
2787		2787000		-32353		-1990
2788		2788000		-32512		-2000
2789		2789000		-32512		-2000
2790		2790000		-32353		-1990
2791		2791000		-32512		-2000
2792		2792000		-32353		-1990
2793		2793000		-32353		-1990
2794		2794000		-32353		-1990
2795		2795000		-32353		-1990
2796		2796000		-32512		-2000
2797		2797000		-32512		-2000
2798		2798000		-32353		-1990
2799		2799000		-32353		-1990
2800		2800000		-32353		-1990
2801		2801000		-32353		-1990
2802		2802000		-32512		-2000
2803		2803000		-32512		-2000
2804		2804000		-32353		-1990
2805		2805000		-32512		-2000
2806		2806000		-32512		-2000
2807		2807000		-32353		-1990
2808		2808000		-32353		-1990
2809		2809000		-32064		-1972
2810		2810000		-32512		-2000
2811		2811000		-32353		-1990
2812		2812000		-32512		-2000
2813		2813000		-32512		-2000
2814		2814000		-32512		-2000
2815		2815000		-32512		-2000
2816		2816000		-32353		-1990
2817		2817000		-32512		-2000
2818		2818000		-32512		-2000
2819		2819000		-32353		-1990
2820		2820000		-32353		-1990
2821		2821000		-32353		-1990
2822		2822000		-32353		-1990
2823		2823000		-32512		-2000
2824		2824000		-32512		-2000
2825		2825000		-32353		-1990
2826		2826000		-32353		-1990
2827		2827000		-32353		-1990
2828		2828000		-32064		-1972
2829		2829000		-32353		-1990
2830		2830000		-32353		-1990
2831		2831000		-32353		-1990
2832		2832000		-32353		-1990
2833		2833000		-32512		-2000
2834		2834000		-32353		-1990
2835		2835000		-32512		-2000
2836		2836000		-32353		-1990
2837		2837000		-32353		-1990
2838		2838000		-32353		-1990
2839		2839000		-32353		-1990
2840		2840000		-32512		-2000
2841		2841000		-32353		-1990
2842		2842000		-32353		-1990
2843		2843000		-32353		-1990
2844		2844000		-32353		-1990
2845		2845000		-32353		-1990
2846		2846000		-32353		-1990
2847		2847000		-32353		-1990
2848		2848000		-32353		-1990
2849		2849000		-32353		-1990
2850		2850000		-32353		-1990
2851		2851000		-32353		-1990
2852		2852000		-32353		-1990
2853		2853000		-32353		-1990
2854		2854000		-32353		-1990
2855		2855000		-32512		-2000
2856		2856000		-32512		-2000
2857		2857000		-32353		-1990
2858		2858000		-32353		-1990
2859		2859000		-32353		-1990
2860		2860000		-32353		-1990
2861		2861000		-32512		-2000
2862		2862000		-32353		-1990
2863		2863000		-32353		-1990
2864		2864000		-32353		-1990
2865		2865000		-32353		-1990
2866		2866000		-32064		-1972
2867		2867000		-32353		-1990
2868		2868000		-32353		-1990
2869		2869000		-32512		-2000
2870		2870000		-32353		-1990
2871		2871000		-32353		-1990
2872		2872000		-32353		-1990
2873		2873000		-32353		-1990
2874		2874000		-32512		-2000
2875		2875000		-32353		-1990
2876		2876000		-32353		-1990
2877		2877000		-32353		-1990
2878		2878000		-32353		-1990
2879		2879000		-32512		-2000
2880		2880000		-32353		-1990
2881		2881000		-32512		-2000
2882		2882000		-32353		-1990
2883		2883000		-32353		-1990
2884		2884000		-32353		-1990
2885		2885000		-32353		-1990
2886		2886000		-32353		-1990
2887		2887000		-32353		-1990
2888		2888000		-32353		-1990
2889		2889000		-32353		-1990
2890		2890000		-32353		-1990
2891		2891000		-32512		-2000
2892		2892000		-32353		-1990
2893		2893000		-32353		-1990
2894		2894000		-32353		-1990
2895		2895000		-32353		-1990
2896		2896000		-32353		-1990
2897		2897000		-32353		-1990
2898		2898000		-32353		-1990
2899		2899000		-32353		-1990
2900		2900000		-32353		-1990
2901		2901000		-32353		-1990
2902		2902000		-32512		-2000
2903		2903000		-32353		-1990
2904		2904000		-32353		-1990
2905		2905000		-32353		-1990
2906		2906000		-32353		-1990
2907		2907000		-32353		-1990
2908		2908000		-32353		-1990
2909		2909000		-32353		-1990
2910		2910000		-32512		-2000
2911		2911000		-32353		-1990
2912		2912000		-32353		-1990
2913		2913000		-32353		-1990
2914		2914000		-32353		-1990
2915		2915000		-32512		-2000
2916		2916000		-32353		-1990
2917		2917000		-32353		-1990
2918		2918000		-32353		-1990
2919		2919000		-32353		-1990
2920		2920000		-32353		-1990
2921		2921000		-32353		-1990
2922		2922000		-32353		-1990
2923		2923000		-32353		-1990
2924		2924000		-32064		-1972
2925		2925000		-32353		-1990
2926		2926000		-32353		-1990
2927		2927000		-32353		-1990
2928		2928000		-32064		-1972
2929		2929000		-32353		-1990
2930		2930000		-32353		-1990
2931		2931000		-32353		-1990
2932		2932000		-32353		-1990
2933		2933000		-32353		-1990
2934		2934000		-32353		-1990
2935		2935000		-32353		-1990
2936		2936000		-32353		-1990
2937		2937000		-32353		-1990
2938		2938000		-32353		-1990
2939		2939000		-32353		-1990
2940		2940000		-32353		-1990
2941		2941000		-32064		-1972
2942		2942000		-32353		-1990
2943		2943000		-32353		-1990
2944		2944000		-32353		-1990
2945		2945000		-32353		-1990
2946		2946000		-32353		-1990
2947		2947000		-32353		-1990
2948		2948000		-32353		-1990
2949		2949000		-32353		-1990
2950		2950000		-32353		-1990
2951		2951000		-32353		-1990
2952		2952000		-32353		-1990
2953		2953000		-32353		-1990
2954		2954000		-32353		-1990
2955		2955000		-32353		-1990
2956		2956000		-32353		-1990
2957		2957000		-32353		-1990
2958		2958000		-32353		-1990
2959		2959000		-32353		-1990
2960		2960000		-32353		-1990
2961		2961000		-32064		-1972
2962		2962000		-32064		-1972
2963		2963000		-32353		-1990
2964		2964000		-32353		-1990
2965		2965000		-32353		-1990
2966		2966000		-32353		-1990
2967		2967000		-32353		-1990
2968		2968000		-32353		-1990
2969		2969000		-32353		-1990
2970		2970000		-32353		-1990
2971		2971000		-32353		-1990
2972		2972000		-32064		-1972
2973		2973000		-32353		-1990
2974		2974000		-32353		-1990
2975		2975000		-32353		-1990
2976		2976000		-32353		-1990
2977		2977000		-32353		-1990
2978		2978000		-32353		-1990
2979		2979000		-32353		-1990
2980		2980000		-32353		-1990
2981		2981000		-32353		-1990
2982		2982000		-32353		-1990
2983		2983000		-32353		-1990
2984		2984000		-32353		-1990
2985		2985000		-32353		-1990
2986		2986000		-32353		-1990
2987		2987000		-32353		-1990
2988		2988000		-32353		-1990
2989		2989000		-32512		-2000
2990		2990000		-32064		-1972
2991		2991000		-32353		-1990
2992		2992000		-32353		-1990
2993		2993000		-32353		-1990
2994		2994000		-32353		-1990
2995		2995000		-32353		-1990
2996		2996000		-32353		-1990
2997		2997000		-32353		-1990
2998		2998000		-32353		-1990
2999		2999000		-32353		-1990
3000		3000000		-32353		-1990
3001		3001000		-32353		-1990
3002		3002000		-32353		-1990
3003		3003000		-32353		-1990
3004		3004000		-32353		-1990
3005		3005000		-32064		-1972
3006		3006000		-32353		-1990
3007		3007000		-32353		-1990
3008		3008000		-32353		-1990
3009		3009000		-32353		-1990
3010		3010000		-32353		-1990
3011		3011000		-32353		-1990
3012		3012000		-32353		-1990
3013		3013000		-32064		-1972
3014		3014000		-32353		-1990
3015		3015000		-32353		-1990
3016		3016000		-32353		-1990
3017		3017000		-32353		-1990
3018		3018000		-32353		-1990
3019		3019000		-32064		-1972
3020		3020000		-32353		-1990
3021		3021000		-32353		-1990
3022		3022000		-32353		-1990
3023		3023000		-32353		-1990
3024		3024000		-32353		-1990
3025		3025000		-32353		-1990
3026		3026000		-32353		-1990
3027		3027000		-32512		-2000
3028		3028000		-32064		-1972
3029		3029000		-32353		-1990
3030		3030000		-32353		-1990
3031		3031000		-32353		-1990
3032		3032000		-32512		-2000
3033		3033000		-32353		-1990
3034		3034000		-32353		-1990
3035		3035000		-32353		-1990
3036		3036000		-32353		-1990
3037		3037000		-32353		-1990
3038		3038000		-32353		-1990
3039		3039000		-32353		-1990
3040		3040000		-32353		-1990
3041		3041000		-32353		-1990
3042		3042000		-32353		-1990
3043		3043000		-32353		-1990
3044		3044000		-32353		-1990
3045		3045000		-32353		-1990
3046		3046000		-32353		-1990
3047		3047000		-32512		-2000
3048		3048000		-32353		-1990
3049		3049000		-32064		-1972
3050		3050000		-32353		-1990
3051		3051000		-32353		-1990
3052		3052000		-32353		-1990
3053		3053000		-32353		-1990
3054		3054000		-32353		-1990
3055		3055000		-32353		-1990
3056		3056000		-32353		-1990
3057		3057000		-32353		-1990
3058		3058000		-32353		-1990
3059		3059000		-32353		-1990
3060		3060000		-32353		-1990
3061		3061000		-32512		-2000
3062		3062000		-32353		-1990
3063		3063000		-32353		-1990
3064		3064000		-32353		-1990
3065		3065000		-32512		-2000
3066		3066000		-32353		-1990
3067		3067000		-32353		-1990
3068		3068000		-32353		-1990
3069		3069000		-32353		-1990
3070		3070000		-32353		-1990
3071		3071000		-32353		-1990
3072		3072000		-32353		-1990
3073		3073000		-32353		-1990
3074		3074000		-32353		-1990
3075		3075000		-32512		-2000
3076		3076000		-32353		-1990
3077		3077000		-32353		-1990
3078		3078000		-32353		-1990
3079		3079000		-32353		-1990
3080		3080000		-32512		-2000
3081		3081000		-32353		-1990
3082		3082000		-32353		-1990
3083		3083000		-32353		-1990
3084		3084000		-32353		-1990
3085		3085000		-32512		-2000
3086		3086000		-32512		-2000
3087		3087000		-32353		-1990
3088		3088000		-32353		-1990
3089		3089000		-32353		-1990
3090		3090000		-32512		-2000
3091		3091000		-32353		-1990
3092		3092000		-32353		-1990
3093		3093000		-32353		-1990
3094		3094000		-32353		-1990
3095		3095000		-32353		-1990
3096		3096000		-32353		-1990
3097		3097000		-32353		-1990
3098		3098000		-32512		-2000
3099		3099000		-32353		-1990
3100		3100000		-32353		-1990
3101		3101000		-32512		-2000
3102		3102000		-32353		-1990
3103		3103000		-32353		-1990
3104		3104000		-32512		-2000
3105		3105000		-32353		-1990
3106		3106000		-32512		-2000
3107		3107000		-32353		-1990
3108		3108000		-32353		-1990
3109		3109000		-32353		-1990
3110		3110000		-32353		-1990
3111		3111000		-32353		-1990
3112		3112000		-32512		-2000
3113		3113000		-32512		-2000
3114		3114000		-32353		-1990
3115		3115000		-32353		-1990
3116		3116000		-32353		-1990
3117		3117000		-32512		-2000
3118		3118000		-32353		-1990
3119		3119000		-32353		-1990
3120		3120000		-32353		-1990
3121		3121000		-32353		-1990
3122		3122000		-32353		-1990
3123		3123000		-32353		-1990
3124		3124000		-32353		-1990
3125		3125000		-32512		-2000
3126		3126000		-32353		-1990
3127		3127000		-32512		-2000
3128		3128000		-32353		-1990
3129		3129000		-32512		-2000
3130		3130000		-32512		-2000
3131		3131000		-32353		-1990
3132		3132000		-32512		-2000
3133		3133000		-32353		-1990
3134		3134000		-32353		-1990
3135		3135000		-32353		-1990
3136		3136000		-32353		-1990
3137		3137000		-32353		-1990
3138		3138000		-32353		-1990
3139		3139000		-32353		-1990
3140		3140000		-32512		-2000
3141		3141000		-32512		-2000
3142		3142000		-32512		-2000
3143		3143000		-32353		-1990
3144		3144000		-32512		-2000
3145		3145000		-32353		-1990
3146		3146000		-32353		-1990
3147		3147000		-32512		-2000
3148		3148000		-32353		-1990
3149		3149000		-32353		-1990
3150		3150000		-32353		-1990
3151		3151000		-32512		-2000
3152		3152000		-32353		-1990
3153		3153000		-32353		-1990
3154		3154000		-32353		-1990
3155		3155000		-32353		-1990
3156		3156000		-32353		-1990
3157		3157000		-32353		-1990
3158		3158000		-32512		-2000
3159		3159000		-32353		-1990
3160		3160000		-32512		-2000
3161		3161000		-32353		-1990
3162		3162000		-32353		-1990
3163		3163000		-32353		-1990
3164		3164000		-32353		-1990
3165		3165000		-32353		-1990
3166		3166000		-32064		-1972
3167		3167000		-32353		-1990
3168		3168000		-32353		-1990
3169		3169000		-32353		-1990
3170		3170000		-32353		-1990
3171		3171000		-32353		-1990
3172		3172000		-32353		-1990
3173		3173000		32064		1972
3174		3174000		32353		1990
3175		3175000		32512		2000
3176		3176000		32512		2000
3177		3177000		32512		2000
3178		3178000		32512		2000
3179		3179000		32512		2000
3180		3180000		32512		2000
3181		3181000		32512		2000
3182		3182000		32512		2000
3183		3183000		32512		2000
3184		3184000		32512		2000
3185		3185000		32512		2000
3186		3186000		32512		2000
3187		3187000		32512		2000
3188		3188000		32512		2000
3189		3189000		32512		2000
3190		3190000		32512		2000
3191		3191000		32512		2000
3192		3192000		32512		2000
3193		3193000		32512		2000
3194		3194000		32512		2000
3195		3195000		32512		2000
3196		3196000		32512		2000
3197		3197000		32512		2000
3198		3198000		32512		2000
3199		3199000		32512		2000
3200		3200000		32512		2000
3201		3201000		32512		2000
3202		3202000		32512		2000
3203		3203000		32512		2000
3204		3204000		32512		2000
3205		3205000		32512		2000
3206		3206000		32512		2000
3207		3207000		32512		2000
3208		3208000		32512		2000
3209		3209000		32512		2000
3210		3210000		32512		2000
3211		3211000		32512		2000
3212		3212000		32512		2000
3213		3213000		32512		2000
3214		3214000		32512		2000
3215		3215000		32512		2000
3216		3216000		32512		2000
3217		3217000		32512		2000
3218		3218000		32512		2000
3219		3219000		32512		2000
3220		3220000		32512		2000
3221		3221000		32512		2000
3222		3222000		32512		2000
3223		3223000		32512		2000
3224		3224000		32512		2000
3225		3225000		32512		2000
3226		3226000		32512		2000
3227		3227000		32512		2000
3228		3228000		32512		2000
3229		3229000		32512		2000
3230		3230000		32512		2000
3231		3231000		32512		2000
3232		3232000		32512		2000
3233		3233000		32512		2000
3234		3234000		32512		2000
3235		3235000		32512		2000
3236		3236000		32512		2000
3237		3237000		32512		2000
3238		3238000		32512		2000
3239		3239000		32353		1990
3240		3240000		32512		2000
3241		3241000		32512		2000
3242		3242000		32512		2000
3243		3243000		32512		2000
3244		3244000		32512		2000
3245		3245000		32512		2000
3246		3246000		32512		2000
3247		3247000		32512		2000
3248		3248000		32512		2000
3249		3249000		32512		2000
3250		3250000		32353		1990
3251		3251000		32512		2000
3252		3252000		32512		2000
3253		3253000		32512		2000
3254		3254000		32512		2000
3255		3255000		32512		2000
3256		3256000		32512		2000
3257		3257000		32512		2000
3258		3258000		32512		2000
3259		3259000		32512		2000
3260		3260000		32512		2000
3261		3261000		32512		2000
3262		3262000		32512		2000
3263		3263000		32512		2000
3264		3264000		32512		2000
3265		3265000		32512		2000
3266		3266000		32512		2000
3267		3267000		32512		2000
3268		3268000		32512		2000
3269		3269000		32512		2000
3270		3270000		32512		2000
3271		3271000		32512		2000
3272		3272000		32512		2000
3273		3273000		32512		2000
3274		3274000		32512		2000
3275		3275000		32512		2000
3276		3276000		32512		2000
3277		3277000		32512		2000
3278		3278000		32512		2000
3279		3279000		32512		2000
3280		3280000		32512		2000
3281		3281000		32512		2000
3282		3282000		32512		2000
3283		3283000		32512		2000
3284		3284000		32512		2000
3285		3285000		32512		2000
3286		3286000		32512		2000
3287		3287000		32512		2000
3288		3288000		32512		2000
3289		3289000		32512		2000
3290		3290000		32512		2000
3291		3291000		32512		2000
3292		3292000		32512		2000
3293		3293000		32512		2000
3294		3294000		32512		2000
3295		3295000		32512		2000
3296		3296000		32512		2000
3297		3297000		32512		2000
3298		3298000		32512		2000
3299		3299000		32512		2000
3300		3300000		32512		2000
3301		3301000		32512		2000
3302		3302000		32512		2000
3303		3303000		32512		2000
3304		3304000		32512		2000
3305		3305000		32512		2000
3306		3306000		32512		2000
3307		3307000		32512		2000
3308		3308000		32512		2000
3309		3309000		32512		2000
3310		3310000		32512		2000
3311		3311000		32512		2000
3312		3312000		32512		2000
3313		3313000		32512		2000
3314		3314000		32512		2000
3315		3315000		32512		2000
3316		3316000		32512		2000
3317		3317000		32353		1990
3318		3318000		32512		2000
3319		3319000		32512		2000
3320		3320000		32512		2000
3321		3321000		32512		2000
3322		3322000		32512		2000
3323		3323000		32512		2000
3324		3324000		32512		2000
3325		3325000		32512		2000
3326		3326000		32512		2000
3327		3327000		32512		2000
3328		3328000		32512		2000
3329		3329000		32512		2000
3330		3330000		32512		2000
3331		3331000		32512		2000
3332		3332000		32512		2000
3333		3333000		32512		2000
3334		3334000		32512		2000
3335		3335000		32512		2000
3336		3336000		32512		2000
3337		3337000		32512		2000
3338		3338000		32512		2000
3339		3339000		32512		2000
3340		3340000		32512		2000
3341		3341000		32512		2000
3342		3342000		32512		2000
3343		3343000		32512		2000
3344		3344000		32512		2000
3345		3345000		32353		1990
3346		3346000		32512		2000
3347		3347000		32512		2000
3348		3348000		32512		2000
3349		3349000		32512		2000
3350		3350000		32512		2000
3351		3351000		32353		1990
3352		3352000		32353		1990
3353		3353000		32512		2000
3354		3354000		32512		2000
3355		3355000		32512		2000
3356		3356000		32353		1990
3357		3357000		32512		2000
3358		3358000		32512		2000
3359		3359000		32512		2000
3360		3360000		32512		2000
3361		3361000		32512		2000
3362		3362000		32512		2000
3363		3363000		32512		2000
3364		3364000		32512		2000
3365		3365000		32353		1990
3366		3366000		32512		2000
3367		3367000		32512		2000
3368		3368000		32512		2000
3369		3369000		32512		2000
3370		3370000		32353		1990
3371		3371000		32512		2000
3372		3372000		32512		2000
3373		3373000		32512		2000
3374		3374000		32512		2000
3375		3375000		32512		2000
3376		3376000		32512		2000
3377		3377000		32512		2000
3378		3378000		32512		2000
3379		3379000		32512		2000
3380		3380000		32512		2000
3381		3381000		32512		2000
3382		3382000		32512		2000
3383		3383000		32512		2000
3384		3384000		32512		2000
3385		3385000		32512		2000
3386		3386000		32512		2000
3387		3387000		32512		2000
3388		3388000		32512		2000
3389		3389000		32512		2000
3390		3390000		32512		2000
3391		3391000		32512		2000
3392		3392000		32512		2000
3393		3393000		32512		2000
3394		3394000		32512		2000
3395		3395000		32512		2000
3396		3396000		32512		2000
3397		3397000		32512		2000
3398		3398000		32512		2000
3399		3399000		32512		2000
3400		3400000		32353		1990
3401		3401000		32512		2000
3402		3402000		32512		2000
3403		3403000		32512		2000
3404		3404000		32512		2000
3405		3405000		32512		2000
3406		3406000		32512		2000
3407		3407000		32512		2000
3408		3408000		32512		2000
3409		3409000		32512		2000
3410		3410000		32512		2000
3411		3411000		32512		2000
3412		3412000		32512		2000
3413		3413000		32512		2000
3414		3414000		32512		2000
3415		3415000		32512		2000
3416		3416000		32512		2000
3417		3417000		32512		2000
3418		3418000		32512		2000
3419		3419000		32512		2000
3420		3420000		32512		2000
3421		3421000		32512		2000
3422		3422000		32512		2000
3423		3423000		32512		2000
3424		3424000		32512		2000
3425		3425000		32512		2000
3426		3426000		32512		2000
3427		3427000		32512		2000
3428		3428000		32512		2000
3429		3429000		32512		2000
3430		3430000		32512		2000
3431		3431000		32512		2000
3432		3432000		32512		2000
3433		3433000		32512		2000
3434		3434000		32512		2000
3435		3435000		32512		2000
3436		3436000		32512		2000
3437		3437000		32512		2000
3438		3438000		32512		2000
3439		3439000		32512		2000
3440		3440000		32512		2000
3441		3441000		32512		2000
3442		3442000		32512		2000
3443		3443000		32512		2000
3444		3444000		32512		2000
3445		3445000		32512		2000
3446		3446000		32512		2000
3447		3447000		32512		2000
3448		3448000		32512		2000
3449		3449000		32512		2000
3450		3450000		32512		2000
3451		3451000		32512		2000
3452		3452000		32512		2000
3453		3453000		32512		2000
3454		3454000		32512		2000
3455		3455000		32512		2000
3456		3456000		32512		2000
3457		3457000		32512		2000
3458		3458000		32512		2000
3459		3459000		32512		2000
3460		3460000		32353		1990
3461		3461000		32512		2000
3462		3462000		32512		2000
3463		3463000		32512		2000
3464		3464000		32512		2000
3465		3465000		32512		2000
3466		3466000		32512		2000
3467		3467000		32512		2000
3468		3468000		32512		2000
3469		3469000		32512		2000
3470		3470000		32512		2000
3471		3471000		32512		2000
3472		3472000		32512		2000
3473		3473000		32512		2000
3474		3474000		32512		2000
3475		3475000		32512		2000
3476		3476000		32512		2000
3477		3477000		32512		2000
3478		3478000		32512		2000
3479		3479000		32512		2000
3480		3480000		32512		2000
3481		3481000		32512		2000
3482		3482000		32512		2000
3483		3483000		32512		2000
3484		3484000		32512		2000
3485		3485000		32512		2000
3486		3486000		32512		2000
3487		3487000		32512		2000
3488		3488000		32512		2000
3489		3489000		32512		2000
3490		3490000		32512		2000
3491		3491000		32512		2000
3492		3492000		32512		2000
3493		3493000		32512		2000
3494		3494000		32512		2000
3495		3495000		32512		2000
3496		3496000		32512		2000
3497		3497000		32512		2000
3498		3498000		32512		2000
3499		3499000		32512		2000
3500		3500000		32512		2000
3501		3501000		32512		2000
3502		3502000		32512		2000
3503		3503000		32512		2000
3504		3504000		32512		2000
3505		3505000		32512		2000
3506		3506000		32512		2000
3507		3507000		32512		2000
3508		3508000		32512		2000
3509		3509000		32512		2000
3510		3510000		32512		2000
3511		3511000		32512		2000
3512		3512000		32512		2000
3513		3513000		32512		2000
3514		3514000		32512		2000
3515		3515000		32512		2000
3516		3516000		32512		2000
3517		3517000		32512		2000
3518		3518000		32512		2000
3519		3519000		32512		2000
3520		3520000		32512		2000
3521		3521000		32512		2000
3522		3522000		32512		2000
3523		3523000		32512		2000
3524		3524000		32512		2000
3525		3525000		32512		2000
3526		3526000		32512		2000
3527		3527000		32512		2000
3528		3528000		32512		2000
3529		3529000		32512		2000
3530		3530000		32512		2000
3531		3531000		32512		2000
3532		3532000		32512		2000
3533		3533000		32512		2000
3534		3534000		32512		2000
3535		3535000		32512		2000
3536		3536000		32512		2000
3537		3537000		32512		2000
3538		3538000		32512		2000
3539		3539000		32512		2000
3540		3540000		32512		2000
3541		3541000		32512		2000
3542		3542000		32512		2000
3543		3543000		32512		2000
3544		3544000		32512		2000
3545		3545000		32512		2000
3546		3546000		32512		2000
3547		3547000		32512		2000
3548		3548000		32512		2000
3549		3549000		32512		2000
3550		3550000		32512		2000
3551		3551000		32512		2000
3552		3552000		32512		2000
3553		3553000		32512		2000
3554		3554000		32512		2000
3555		3555000		32353		1990
3556		3556000		32512		2000
3557		3557000		32512		2000
3558		3558000		32512		2000
3559		3559000		32512		2000
3560		3560000		32512		2000
3561		3561000		32512		2000
3562		3562000		32512		2000
3563		3563000		32512		2000
3564		3564000		32512		2000
3565		3565000		32512		2000
3566		3566000		32512		2000
3567		3567000		32512		2000
3568		3568000		32064		1972
3569		3569000		32512		2000
3570		3570000		32512		2000
3571		3571000		32512		2000
3572		3572000		32512		2000
3573		3573000		32512		2000
3574		3574000		32512		2000
3575		3575000		32512		2000
3576		3576000		32512		2000
3577		3577000		32512		2000
3578		3578000		32512		2000
3579		3579000		32512		2000
3580		3580000		32512		2000
3581		3581000		32512		2000
3582		3582000		32512		2000
3583		3583000		32512		2000
3584		3584000		32512		2000
3585		3585000		32512		2000
3586		3586000		32512		2000
3587		3587000		32512		2000
3588		3588000		32512		2000
3589		3589000		32512		2000
3590		3590000		32512		2000
3591		3591000		32512		2000
3592		3592000		32512		2000
3593		3593000		32512		2000
3594		3594000		32512		2000
3595		3595000		32512		2000
3596		3596000		32512		2000
3597		3597000		32512		2000
3598		3598000		32512		2000
3599		3599000		32512		2000
3600		3600000		32512		2000
3601		3601000		32512		2000
3602		3602000		32512		2000
3603		3603000		32512		2000
3604		3604000		32512		2000
3605		3605000		32512		2000
3606		3606000		32512		2000
3607		3607000		32512		2000
3608		3608000		32512		2000
3609		3609000		32512		2000
3610		3610000		32512		2000
3611		3611000		32512		2000
3612		3612000		32512		2000
3613		3613000		32512		2000
3614		3614000		32512		2000
3615		3615000		32512		2000
3616		3616000		32512		2000
3617		3617000		32353		1990
3618		3618000		32512		2000
3619		3619000		32512		2000
3620		3620000		32512		2000
3621		3621000		32512		2000
3622		3622000		32512		2000
3623		3623000		32512		2000
3624		3624000		32512		2000
3625		3625000		32512		2000
3626		3626000		32512		2000
3627		3627000		32512		2000
3628		3628000		32512		2000
3629		3629000		32512		2000
3630		3630000		32512		2000
3631		3631000		32512		2000
3632		3632000		32512		2000
3633		3633000		32512		2000
3634		3634000		32512		2000
3635		3635000		32512		2000
3636		3636000		32512		2000
3637		3637000		32512		2000
3638		3638000		32512		2000
3639		3639000		32512		2000
3640		3640000		32353		1990
3641		3641000		32512		2000
3642		3642000		32512		2000
3643		3643000		32512		2000
3644		3644000		32512		2000
3645		3645000		32512		2000
3646		3646000		32512		2000
3647		3647000		32512		2000
3648		3648000		32512		2000
3649		3649000		32512		2000
3650		3650000		32512		2000
3651		3651000		32512		2000
3652		3652000		32512		2000
3653		3653000		32512		2000
3654		3654000		32512		2000
3655		3655000		32512		2000
3656		3656000		32512		2000
3657		3657000		32512		2000
3658		3658000		32512		2000
3659		3659000		32512		2000
3660		3660000		32512		2000
3661		3661000		32512		2000
3662		3662000		32512		2000
3663		3663000		32512		2000
3664		3664000		32512		2000
3665		3665000		32512		2000
3666		3666000		32512		2000
3667		3667000		32512		2000
3668		3668000		32512		2000
3669		3669000		32512		2000
3670		3670000		32512		2000
3671		3671000		32512		2000
3672		3672000		32512		2000
3673		3673000		-31775		-1954
3674		3674000		-32064		-1972
3675		3675000		-32064		-1972
3676		3676000		-32353		-1990
3677		3677000		-32353		-1990
3678		3678000		-32353		-1990
3679		3679000		-32353		-1990
3680		3680000		-32512		-2000
3681		3681000		-32353		-1990
3682		3682000		-32512		-2000
3683		3683000		-32512		-2000
3684		3684000		-32512		-2000
3685		3685000		-32353		-1990
3686		3686000		-32353		-1990
3687		3687000		-32353		-1990
3688		3688000		-32512		-2000
3689		3689000		-32512		-2000
3690		3690000		-32353		-1990
3691		3691000		-32353		-1990
3692		3692000		-32353		-1990
3693		3693000		-32512		-2000
3694		3694000		-32353		-1990
3695		3695000		-32353		-1990
3696		3696000		-32353		-1990
3697		3697000		-32353		-1990
3698		3698000		-32353		-1990
3699		3699000		-32353		-1990
3700		3700000		-32353		-1990
3701		3701000		-32512		-2000
3702		3702000		-32353		-1990
3703		3703000		-32353		-1990
3704		3704000		-32353		-1990
3705		3705000		-32353		-1990
3706		3706000		-32353		-1990
3707		3707000		-32512		-2000
3708		3708000		-32353		-1990
3709		3709000		-32353		-1990
3710		3710000		-32512		-2000
3711		3711000		-32353		-1990
3712		3712000		-32353		-1990
3713		3713000		-32512		-2000
3714		3714000		-32353		-1990
3715		3715000		-32353		-1990
3716		3716000		-32353		-1990
3717		3717000		-32353		-1990
3718		3718000		-32353		-1990
3719		3719000		-32353		-1990
3720		3720000		-32353		-1990
3721		3721000		-32353		-1990
3722		3722000		-32353		-1990
3723		3723000		-32353		-1990
3724		3724000		-32353		-1990
3725		3725000		-32353		-1990
3726		3726000		-32064		-1972
3727		3727000		-32353		-1990
3728		3728000		-32353		-1990
3729		3729000		-32353		-1990
3730		3730000		-32064		-1972
3731		3731000		-32353		-1990
3732		3732000		-32353		-1990
3733		3733000		-32353		-1990
3734		3734000		-32353		-1990
3735		3735000		-32353		-1990
3736		3736000		-32353		-1990
3737		3737000		-32353		-1990
3738		3738000		-32353		-1990
3739		3739000		-32353		-1990
3740		3740000		-32353		-1990
3741		3741000		-32353		-1990
3742		3742000		-32353		-1990
3743		3743000		-32512		-2000
3744		3744000		-32353		-1990
3745		3745000		-32353		-1990
3746		3746000		-32353		-1990
3747		3747000		-32353		-1990
3748		3748000		-32353		-1990
3749		3749000		-32353		-1990
3750		3750000		-32353		-1990
3751		3751000		-32353		-1990
3752		3752000		-32353		-1990
3753		3753000		-32353		-1990
3754		3754000		-32353		-1990
3755		3755000		-32353		-1990
3756		3756000		-32353		-1990
3757		3757000		-32353		-1990
3758		3758000		-32353		-1990
3759		3759000		-32353		-1990
3760		3760000		-32353		-1990
3761		3761000		-32353		-1990
3762		3762000		-32353		-1990
3763		3763000		-32353		-1990
3764		3764000		-32353		-1990
3765		3765000		-32353		-1990
3766		3766000		-32353		-1990
3767		3767000		-32353		-1990
3768		3768000		-32353		-1990
3769		3769000		-32353		-1990
3770		3770000		-32353		-1990
3771		3771000		-32353		-1990
3772		3772000		-32353		-1990
3773		3773000		-32353		-1990
3774		3774000		-32353		-1990
3775		3775000		-32353		-1990
3776		3776000		-32353		-1990
3777		3777000		-32353		-1990
3778		3778000		-32353		-1990
3779		3779000		-32353		-1990
3780		3780000		-32353		-1990
3781		3781000		-32353		-1990
3782		3782000		-32512		-2000
3783		3783000		-32353		-1990
3784		3784000		-32353		-1990
3785		3785000		-32353		-1990
3786		3786000		-32512		-2000
3787		3787000		-32064		-1972
3788		3788000		-32353		-1990
3789		3789000		-32353		-1990
3790		3790000		-32353		-1990
3791		3791000		-32064		-1972
3792		3792000		-32064		-1972
3793		3793000		-32353		-1990
3794		3794000		-32353		-1990
3795		3795000		-32353		-1990
3796		3796000		-32353		-1990
3797		3797000		-32353		-1990
3798		3798000		-32353		-1990
3799		3799000		-32353		-1990
3800		3800000		-32353		-1990
3801		3801000		-32512		-2000
3802		3802000		-32353		-1990
3803		3803000		-32353		-1990
3804		3804000		-32353		-1990
3805		3805000		-32353		-1990
3806		3806000		-32353		-1990
3807		3807000		-32353		-1990
3808		3808000		-32353		-1990
3809		3809000		-32353		-1990
3810		3810000		-32353		-1990
3811		3811000		-32353		-1990
3812		3812000		-32353		-1990
3813		3813000		-32353		-1990
3814		3814000		-32064		-1972
3815		3815000		-32353		-1990
3816		3816000		-32353		-1990
3817		3817000		-32353		-1990
3818		3818000		-32353		-1990
3819		3819000		-32353		-1990
3820		3820000		-32353		-1990
3821		3821000		-32353		-1990
3822		3822000		-32353		-1990
3823		3823000		-32353		-1990
3824		3824000		-32353		-1990
3825		3825000		-32353		-1990
3826		3826000		-32353		-1990
3827		3827000		-32353		-1990
3828		3828000		-32353		-1990
3829		3829000		-32353		-1990
3830		3830000		-32353		-1990
3831		3831000		-32353		-1990
3832		3832000		-32353		-1990
3833		3833000		-32353		-1990
3834		3834000		-32353		-1990
3835		3835000		-32353		-1990
3836		3836000		-32353		-1990
3837		3837000		-32353		-1990
3838		3838000		-32353		-1990
3839		3839000		-32353		-1990
3840		3840000		-32353		-1990
3841		3841000		-32353		-1990
3842		3842000		-32353		-1990
3843		3843000		-32353		-1990
3844		3844000		-32512		-2000
3845		3845000		-32353		-1990
3846		3846000		-32353		-1990
3847		3847000		-32512		-2000
3848		3848000		-32353		-1990
3849		3849000		-32353		-1990
3850		3850000		-32353		-1990
3851		3851000		-32353		-1990
3852		3852000		-32353		-1990
3853		3853000		-32512		-2000
3854		3854000		-32353		-1990
3855		3855000		-32353		-1990
3856		3856000		-32353		-1990
3857		3857000		-32353		-1990
3858		3858000		-32353		-1990
3859		3859000		-32353		-1990
3860		3860000		-32353		-1990
3861		3861000		-32512		-2000
3862		3862000		-32353		-1990
3863		3863000		-32353		-1990
3864		3864000		-32353		-1990
3865		3865000		-32512		-2000
3866		3866000		-32512		-2000
3867		3867000		-32353		-1990
3868		3868000		-32353		-1990
3869		3869000		-32353		-1990
3870		3870000		-32353		-1990
3871		3871000		-32353		-1990
3872		3872000		-32353		-1990
3873		3873000		-32353		-1990
3874		3874000		-32512		-2000
3875		3875000		-32512		-2000
3876		3876000		-32353		-1990
3877		3877000		-32353		-1990
3878		3878000		-32353		-1990
3879		3879000		-32353		-1990
3880		3880000		-32353		-1990
3881		3881000		-32512		-2000
3882		3882000		-32512		-2000
3883		3883000		-32353		-1990
3884		3884000		-32353		-1990
3885		3885000		-32353		-1990
3886		3886000		-32353		-1990
3887		3887000		-32512		-2000
3888		3888000		-32512		-2000
3889		3889000		-32353		-1990
3890		3890000		-32353		-1990
3891		3891000		-32353		-1990
3892		3892000		-32353		-1990
3893		3893000		-32512		-2000
3894		3894000		-32512		-2000
3895		3895000		-32512		-2000
3896		3896000		-32353		-1990
3897		3897000		-32512		-2000
3898		3898000		-32353		-1990
3899		3899000		-32512		-2000
3900		3900000		-32353		-1990
3901		3901000		-32512		-2000
3902		3902000		-32512		-2000
3903		3903000		-32512		-2000
3904		3904000		-32353		-1990
3905		3905000		-32353		-1990
3906		3906000		-32353		-1990
3907		3907000		-32353		-1990
3908		3908000		-32353		-1990
3909		3909000		-32353		-1990
3910		3910000		-32512		-2000
3911		3911000		-32512		-2000
3912		3912000		-32512		-2000
3913		3913000		-32512		-2000
3914		3914000		-32512		-2000
3915		3915000		-32353		-1990
3916		3916000		-32512		-2000
3917		3917000		-32353		-1990
3918		3918000		-32512		-2000
3919		3919000		-32353		-1990
3920		3920000		-32512		-2000
3921		3921000		-32512		-2000
3922		3922000		-32512		-2000
3923		3923000		-32512		-2000
3924		3924000		-32353		-1990
3925		3925000		-32512		-2000
3926		3926000		-32512		-2000
3927		3927000		-32512		-2000
3928		3928000		-32512		-2000
3929		3929000		-32353		-1990
3930		3930000		-32353		-1990
3931		3931000		-32512		-2000
3932		3932000		-32353		-1990
3933		3933000		-32512		-2000
3934		3934000		-32512		-2000
3935		3935000		-32353		-1990
3936		3936000		-32512		-2000
3937		3937000		-32512		-2000
3938		3938000		-32512		-2000
3939		3939000		-32353		-1990
3940		3940000		-32512		-2000
3941		3941000		-32353		-1990
3942		3942000		-32512		-2000
3943		3943000		-32353		-1990
3944		3944000		-32353		-1990
3945		3945000		-32353		-1990
3946		3946000		-32512		-2000
3947		3947000		-32512		-2000
3948		3948000		-32353		-1990
3949		3949000		-32353		-1990
3950		3950000		-32512		-2000
3951		3951000		-32512		-2000
3952		3952000		-32512		-2000
3953		3953000		-32353		-1990
3954		3954000		-32512		-2000
3955		3955000		-32512		-2000
3956		3956000		-32353		-1990
3957		3957000		-32353		-1990
3958		3958000		-32512		-2000
3959		3959000		-32512		-2000
3960		3960000		-32512		-2000
3961		3961000		-32512		-2000
3962		3962000		-32512		-2000
3963		3963000		-32512		-2000
3964		3964000		-32512		-2000
3965		3965000		-32512		-2000
3966		3966000		-32512		-2000
3967		3967000		-32512		-2000
3968		3968000		-32512		-2000
3969		3969000		-32512		-2000
3970		3970000		-32353		-1990
3971		3971000		-32512		-2000
3972		3972000		-32353		-1990
3973		3973000		-32512		-2000
3974		3974000		-32353		-1990
3975		3975000		-32353		-1990
3976		3976000		-32353		-1990
3977		3977000		-32512		-2000
3978		3978000		-32512		-2000
3979		3979000		-32512		-2000
3980		3980000		-32353		-1990
3981		3981000		-32353		-1990
3982		3982000		-32512		-2000
3983		3983000		-32353		-1990
3984		3984000		-32353		-1990
3985		3985000		-32512		-2000
3986		3986000		-32353		-1990
3987		3987000		-32353		-1990
3988		3988000		-32353		-1990
3989		3989000		-32353		-1990
3990		3990000		-32512		-2000
3991		3991000		-32512		-2000
3992		3992000		-32512		-2000
3993		3993000		-32512		-2000
3994		3994000		-32353		-1990
3995		3995000		-32353		-1990
3996		3996000		-32353		-1990
3997		3997000		-32512		-2000
3998		3998000		-32512		-2000
3999		3999000		-32353		-1990
4000		4000000		-32512		-2000
4001		4001000		-32353		-1990
4002		4002000		-32512		-2000
4003		4003000		-32353		-1990
4004		4004000		-32353		-1990
4005		4005000		-32512		-2000
4006		4006000		-32512		-2000
4007		4007000		-32512		-2000
4008		4008000		-32353		-1990
4009		4009000		-32353		-1990
4010		4010000		-32512		-2000
4011		4011000		-32353		-1990
4012		4012000		-32353		-1990
4013		4013000		-32512		-2000
4014		4014000		-32353		-1990
4015		4015000		-32353		-1990
4016		4016000		-32512		-2000
4017		4017000		-32512		-2000
4018		4018000		-32512		-2000
4019		4019000		-32512		-2000
4020		4020000		-32512		-2000
4021		4021000		-32353		-1990
4022		4022000		-32353		-1990
4023		4023000		-32353		-1990
4024		4024000		-32353		-1990
4025		4025000		-32512		-2000
4026		4026000		-32353		-1990
4027		4027000		-32512		-2000
4028		4028000		-32512		-2000
4029		4029000		-32353		-1990
4030		4030000		-32512		-2000
4031		4031000		-32353		-1990
4032		4032000		-32353		-1990
4033		4033000		-32353		-1990
4034		4034000		-32353		-1990
4035		4035000		-32512		-2000
4036		4036000		-32512		-2000
4037		4037000		-32353		-1990
4038		4038000		-32353		-1990
4039		4039000		-32353		-1990
4040		4040000		-32353		-1990
4041		4041000		-32353		-1990
4042		4042000		-32353		-1990
4043		4043000		-32353		-1990
4044		4044000		-32512		-2000
4045		4045000		-32512		-2000
4046		4046000		-32353		-1990
4047		4047000		-32512		-2000
4048		4048000		-32353		-1990
4049		4049000		-32512		-2000
4050		4050000		-32512		-2000
4051		4051000		-32512		-2000
4052		4052000		-32512		-2000
4053		4053000		-32512		-2000
4054		4054000		-32353		-1990
4055		4055000		-32512		-2000
4056		4056000		-32512		-2000
4057		4057000		-32353		-1990
4058		4058000		-32512		-2000
4059		4059000		-32353		-1990
4060		4060000		-32512		-2000
4061		4061000		-32353		-1990
4062		4062000		-32512		-2000
4063		4063000		-32512		-2000
4064		4064000		-32353		-1990
4065		4065000		-32353		-1990
4066		4066000		-32512		-2000
4067		4067000		-32512		-2000
4068		4068000		-32353		-1990
4069		4069000		-32353		-1990
4070		4070000		-32512		-2000
4071		4071000		-32353		-1990
4072		4072000		-32512		-2000
4073		4073000		-32512		-2000
4074		4074000		-32512		-2000
4075		4075000		-32353		-1990
4076		4076000		-32512		-2000
4077		4077000		-32512		-2000
4078		4078000		-32353		-1990
4079		4079000		-32353		-1990
4080		4080000		-32353		-1990
4081		4081000		-32512		-2000
4082		4082000		-32512		-2000
4083		4083000		-32512		-2000
4084		4084000		-32512		-2000
4085		4085000		-32512		-2000
4086		4086000		-32512		-2000
4087		4087000		-32512		-2000
4088		4088000		-32353		-1990
4089		4089000		-32512		-2000
4090		4090000		-32512		-2000
4091		4091000		-32353		-1990
4092		4092000		-32512		-2000
4093		4093000		-32512		-2000
4094		4094000		-32512		-2000
4095		4095000		-32512		-2000
4096		4096000		-32512		-2000
4097		4097000		-32512		-2000
4098		4098000		-32353		-1990
4099		4099000		-32512		-2000
4100		4100000		-32512		-2000
4101		4101000		-32512		-2000
4102		4102000		-32512		-2000
4103		4103000		-32353		-1990
4104		4104000		-32353		-1990
4105		4105000		-32512		-2000
4106		4106000		-32353		-1990
4107		4107000		-32512		-2000
4108		4108000		-32512		-2000
4109		4109000		-32512		-2000
4110		4110000		-32353		-1990
4111		4111000		-32512		-2000
4112		4112000		-32512		-2000
4113		4113000		-32512		-2000
4114		4114000		-32512		-2000
4115		4115000		-32512		-2000
4116		4116000		-32512		-2000
4117		4117000		-32512		-2000
4118		4118000		-32512		-2000
4119		4119000		-32512		-2000
4120		4120000		-32512		-2000
4121		4121000		-32512		-2000
4122		4122000		-32512		-2000
4123		4123000		-32512		-2000
4124		4124000		-32512		-2000
4125		4125000		-32512		-2000
4126		4126000		-32512		-2000
4127		4127000		-32512		-2000
4128		4128000		-32512		-2000
4129		4129000		-32512		-2000
4130		4130000		-32512		-2000
4131		4131000		-32512		-2000
4132		4132000		-32512		-2000
4133		4133000		-32512		-2000
4134		4134000		-32512		-2000
4135		4135000		-32512		-2000
4136		4136000		-32512		-2000
4137		4137000		-32512		-2000
4138		4138000		-32353		-1990
4139		4139000		-32512		-2000
4140		4140000		-32512		-2000
4141		4141000		-32512		-2000
4142		4142000		-32512		-2000
4143		4143000		-32512		-2000
4144		4144000		-32512		-2000
4145		4145000		-32353		-1990
4146		4146000		-32512		-2000
4147		4147000		-32512		-2000
4148		4148000		-32512		-2000
4149		4149000		-32512		-2000
4150		4150000		-32512		-2000
4151		4151000		-32512		-2000
4152		4152000		-32512		-2000
4153		4153000		-32512		-2000
4154		4154000		-32512		-2000
4155		4155000		-32512		-2000
4156		4156000		-32512		-2000
4157		4157000		-32512		-2000
4158		4158000		-32512		-2000
4159		4159000		-32512		-2000
4160		4160000		-32353		-1990
4161		4161000		-32512		-2000
4162		4162000		-32512		-2000
4163		4163000		-32512		-2000
4164		4164000		-32512		-2000
4165		4165000		-32512		-2000
4166		4166000		-32512		-2000
4167		4167000		-32353		-1990
4168		4168000		-32512		-2000
4169		4169000		-32512		-2000
4170		4170000		-32512		-2000
4171		4171000		-32353		-1990
4172		4172000		-32512		-2000
4173		4173000		32064		1972
4174		4174000		32353		1990
4175		4175000		32512		2000
4176		4176000		32353		1990
4177		4177000		32353		1990
4178		4178000		32512		2000
4179		4179000		32353		1990
4180		4180000		32512		2000
4181		4181000		32512		2000
4182		4182000		32353		1990
4183		4183000		32512		2000
4184		4184000		32512		2000
4185		4185000		32512		2000
4186		4186000		32353		1990
4187		4187000		32353		1990
4188		4188000		32353		1990
4189		4189000		32512		2000
4190		4190000		32512		2000
4191		4191000		32512		2000
4192		4192000		32512		2000
4193		4193000		32512		2000
4194		4194000		32512		2000
4195		4195000		32512		2000
4196		4196000		32353		1990
4197		4197000		32353		1990
4198		4198000		32512		2000
4199		4199000		32353		1990
4200		4200000		32353		1990
4201		4201000		32353		1990
4202		4202000		32353		1990
4203		4203000		32353		1990
4204		4204000		32512		2000
4205		4205000		32353		1990
4206		4206000		32512		2000
4207		4207000		32353		1990
4208		4208000		32353		1990
4209		4209000		32512		2000
4210		4210000		32353		1990
4211		4211000		32512		2000
4212		4212000		32353		1990
4213		4213000		32512		2000
4214		4214000		32512		2000
4215		4215000		32353		1990
4216		4216000		32353		1990
4217		4217000		32512		2000
4218		4218000		32512		2000
4219		4219000		32353		1990
4220		4220000		32512		2000
4221		4221000		32353		1990
4222		4222000		32512		2000
4223		4223000		32512		2000
4224		4224000		32512		2000
4225		4225000		32512		2000
4226		4226000		32512		2000
4227		4227000		32512		2000
4228		4228000		32353		1990
4229		4229000		32353		1990
4230		4230000		32512		2000
4231		4231000		32512		2000
4232		4232000		32512		2000
4233		4233000		32512		2000
4234		4234000		32353		1990
4235		4235000		32512		2000
4236		4236000		32512		2000
4237		4237000		32353		1990
4238		4238000		32353		1990
4239		4239000		32512		2000
4240		4240000		32512		2000
4241		4241000		32512		2000
4242		4242000		32512		2000
4243		4243000		32512		2000
4244		4244000		32512		2000
4245		4245000		32353		1990
4246		4246000		32512		2000
4247		4247000		32512		2000
4248		4248000		32512		2000
4249		4249000		32512		2000
4250		4250000		32512		2000
4251		4251000		32512		2000
4252		4252000		32512		2000
4253		4253000		32353		1990
4254		4254000		32512		2000
4255		4255000		32512		2000
4256		4256000		32512		2000
4257		4257000		32512		2000
4258		4258000		32353		1990
4259		4259000		32512		2000
4260		4260000		32512		2000
4261		4261000		32512		2000
4262		4262000		32512		2000
4263		4263000		32512		2000
4264		4264000		32353		1990
4265		4265000		32353		1990
4266		4266000		32512		2000
4267		4267000		32512		2000
4268		4268000		32512		2000
4269		4269000		32512		2000
4270		4270000		32512		2000
4271		4271000		32512		2000
4272		4272000		32512		2000
4273		4273000		32512		2000
4274		4274000		32512		2000
4275		4275000		32512		2000
4276		4276000		32353		1990
4277		4277000		32512		2000
4278		4278000		32512		2000
4279		4279000		32512		2000
4280		4280000		32512		2000
4281		4281000		32512		2000
4282		4282000		32512		2000
4283		4283000		32512		2000
4284		4284000		32512		2000
4285		4285000		32512		2000
4286		4286000		32512		2000
4287		4287000		32512		2000
4288		4288000		32512		2000
4289		4289000		32512		2000
4290		4290000		32512		2000
4291		4291000		32512		2000
4292		4292000		32512		2000
4293		4293000		32512		2000
4294		4294000		32512		2000
4295		4295000		32512		2000
4296		4296000		32512		2000
4297		4297000		32512		2000
4298		4298000		32512		2000
4299		4299000		32512		2000
4300		4300000		32512		2000
4301		4301000		32512		2000
4302		4302000		32512		2000
4303		4303000		32512		2000
4304		4304000		32512		2000
4305		4305000		32512		2000
4306		4306000		32512		2000
4307		4307000		32512		2000
4308		4308000		32512		2000
4309		4309000		32512		2000
4310		4310000		32512		2000
4311		4311000		32512		2000
4312		4312000		32512		2000
4313		4313000		32512		2000
4314		4314000		32512		2000
4315		4315000		32512		2000
4316		4316000		32353		1990
4317		4317000		32512		2000
4318		4318000		32512		2000
4319		4319000		32512		2000
4320		4320000		32512		2000
4321		4321000		32512		2000
4322		4322000		32512		2000
4323		4323000		32512		2000
4324		4324000		32512		2000
4325		4325000		32512		2000
4326		4326000		32512		2000
4327		4327000		32512		2000
4328		4328000		32512		2000
4329		4329000		32512		2000
4330		4330000		32512		2000
4331		4331000		32512		2000
4332		4332000		32512		2000
4333		4333000		32512		2000
4334		4334000		32512		2000
4335		4335000		32512		2000
4336		4336000		32512		2000
4337		4337000		32512		2000
4338		4338000		32512		2000
4339		4339000		32512		2000
4340		4340000		32512		2000
4341		4341000		32512		2000
4342		4342000		32512		2000
4343		4343000		32512		2000
4344		4344000		32512		2000
4345		4345000		32512		2000
4346		4346000		32512		2000
4347		4347000		32512		2000
4348		4348000		32512		2000
4349		4349000		32512		2000
4350		4350000		32512		2000
4351		4351000		32512		2000
4352		4352000		32512		2000
4353		4353000		32512		2000
4354		4354000		32512		2000
4355		4355000		32512		2000
4356		4356000		32512		2000
4357		4357000		32512		2000
4358		4358000		32512		2000
4359		4359000		32512		2000
4360		4360000		32512		2000
4361		4361000		32512		2000
4362		4362000		32512		2000
4363		4363000		32512		2000
4364		4364000		32512		2000
4365		4365000		32512		2000
4366		4366000		32512		2000
4367		4367000		32512		2000
4368		4368000		32512		2000
4369		4369000		32512		2000
4370		4370000		32512		2000
4371		4371000		32512		2000
4372		4372000		32512		2000
4373		4373000		32512		2000
4374		4374000		32512		2000
4375		4375000		32512		2000
4376		4376000		32512		2000
4377		4377000		32512		2000
4378		4378000		32512		2000
4379		4379000		32512		2000
4380		4380000		32512		2000
4381		4381000		32512		2000
4382		4382000		32512		2000
4383		4383000		32512		2000
4384		4384000		32512		2000
4385		4385000		32512		2000
4386		4386000		32512		2000
4387		4387000		32512		2000
4388		4388000		32512		2000
4389		4389000		32512		2000
4390		4390000		32512		2000
4391		4391000		32353		1990
4392		4392000		32512		2000
4393		4393000		32512		2000
4394		4394000		32512		2000
4395		4395000		32512		2000
4396		4396000		32512		2000
4397		4397000		32512		2000
4398		4398000		32512		2000
4399		4399000		32512		2000
4400		4400000		32512		2000
4401		4401000		32512		2000
4402		4402000		32512		2000
4403		4403000		31486		1936
4404		4404000		32512		2000
4405		4405000		32512		2000
4406		4406000		32512		2000
4407		4407000		32512		2000
4408		4408000		32512		2000
4409		4409000		32512		2000
4410		4410000		32512		2000
4411		4411000		32512		2000
4412		4412000		32512		2000
4413		4413000		32512		2000
4414		4414000		32512		2000
4415		4415000		32512		2000
4416		4416000		32512		2000
4417		4417000		32512		2000
4418		4418000		32512		2000
4419		4419000		32512		2000
4420		4420000		32512		2000
4421		4421000		32512		2000
4422		4422000		32512		2000
4423		4423000		32512		2000
4424		4424000		32512		2000
4425		4425000		32512		2000
4426		4426000		32512		2000
4427		4427000		32512		2000
4428		4428000		32512		2000
4429		4429000		32512		2000
4430		4430000		32512		2000
4431		4431000		32512		2000
4432		4432000		32512		2000
4433		4433000		32512		2000
4434		4434000		32512		2000
4435		4435000		32512		2000
4436		4436000		32512		2000
4437		4437000		32512		2000
4438		4438000		32512		2000
4439		4439000		32512		2000
4440		4440000		32512		2000
4441		4441000		32353		1990
4442		4442000		32512		2000
4443		4443000		32512		2000
4444		4444000		32512		2000
4445		4445000		32512		2000
4446		4446000		32512		2000
4447		4447000		32512		2000
4448		4448000		32512		2000
4449		4449000		32512		2000
4450		4450000		32512		2000
4451		4451000		32512		2000
4452		4452000		32512		2000
4453		4453000		32512		2000
4454		4454000		32512		2000
4455		4455000		32512		2000
4456		4456000		32512		2000
4457		4457000		32512		2000
4458		4458000		32512		2000
4459		4459000		32512		2000
4460		4460000		32512		2000
4461		4461000		32512		2000
4462		4462000		32512		2000
4463		4463000		32512		2000
4464		4464000		32512		2000
4465		4465000		32512		2000
4466		4466000		32512		2000
4467		4467000		32512		2000
4468		4468000		32512		2000
4469		4469000		32512		2000
4470		4470000		32512		2000
4471		4471000		32512		2000
4472		4472000		32512		2000
4473		4473000		32512		2000
4474		4474000		32512		2000
4475		4475000		32512		2000
4476		4476000		32512		2000
4477		4477000		32512		2000
4478		4478000		32512		2000
4479		4479000		32512		2000
4480		4480000		32512		2000
4481		4481000		32512		2000
4482		4482000		32512		2000
4483		4483000		32512		2000
4484		4484000		32512		2000
4485		4485000		32512		2000
4486		4486000		32512		2000
4487		4487000		32512		2000
4488		4488000		32512		2000
4489		4489000		32512		2000
4490		4490000		32512		2000
4491		4491000		32512		2000
4492		4492000		32512		2000
4493		4493000		32512		2000
4494		4494000		32512		2000
4495		4495000		32512		2000
4496		4496000		32512		2000
4497		4497000		32512		2000
4498		4498000		32512		2000
4499		4499000		32512		2000
4500		4500000		32512		2000
4501		4501000		32512		2000
4502		4502000		32512		2000
4503		4503000		32512		2000
4504		4504000		32512		2000
4505		4505000		32512		2000
4506		4506000		32512		2000
4507		4507000		32512		2000
4508		4508000		32512		2000
4509		4509000		32512		2000
4510		4510000		32512		2000
4511		4511000		32512		2000
4512		4512000		32512		2000
4513		4513000		32512		2000
4514		4514000		32512		2000
4515		4515000		32512		2000
4516		4516000		32512		2000
4517		4517000		32512		2000
4518		4518000		32512		2000
4519		4519000		32512		2000
4520		4520000		32512		2000
4521		4521000		32512		2000
4522		4522000		32512		2000
4523		4523000		32512		2000
4524		4524000		32512		2000
4525		4525000		32512		2000
4526		4526000		32512		2000
4527		4527000		32512		2000
4528		4528000		32512		2000
4529		4529000		32512		2000
4530		4530000		32512		2000
4531		4531000		32512		2000
4532		4532000		32512		2000
4533		4533000		32512		2000
4534		4534000		32512		2000
4535		4535000		32512		2000
4536		4536000		32512		2000
4537		4537000		32512		2000
4538		4538000		32512		2000
4539		4539000		32512		2000
4540		4540000		32512		2000
4541		4541000		32512		2000
4542		4542000		32512		2000
4543		4543000		32512		2000
4544		4544000		32512		2000
4545		4545000		32512		2000
4546		4546000		32512		2000
4547		4547000		32512		2000
4548		4548000		32512		2000
4549		4549000		32512		2000
4550		4550000		32512		2000
4551		4551000		32512		2000
4552		4552000		32512		2000
4553		4553000		32512		2000
4554		4554000		32512		2000
4555		4555000		32512		2000
4556		4556000		32512		2000
4557		4557000		32512		2000
4558		4558000		32512		2000
4559		4559000		32512		2000
4560		4560000		32512		2000
4561		4561000		32512		2000
4562		4562000		32512		2000
4563		4563000		32512		2000
4564		4564000		32512		2000
4565		4565000		32512		2000
4566		4566000		32512		2000
4567		4567000		32512		2000
4568		4568000		32512		2000
4569		4569000		32512		2000
4570		4570000		32512		2000
4571		4571000		32512		2000
4572		4572000		32512		2000
4573		4573000		32512		2000
4574		4574000		32512		2000
4575		4575000		32512		2000
4576		4576000		32512		2000
4577		4577000		32512		2000
4578		4578000		32512		2000
4579		4579000		32512		2000
4580		4580000		32512		2000
4581		4581000		32512		2000
4582		4582000		32512		2000
4583		4583000		32512		2000
4584		4584000		32512		2000
4585		4585000		32512		2000
4586		4586000		32512		2000
4587		4587000		32512		2000
4588		4588000		32512		2000
4589		4589000		32512		2000
4590		4590000		32512		2000
4591		4591000		32512		2000
4592		4592000		32512		2000
4593		4593000		32512		2000
4594		4594000		32512		2000
4595		4595000		32512		2000
4596		4596000		32512		2000
4597		4597000		32512		2000
4598		4598000		32512		2000
4599		4599000		32512		2000
4600		4600000		32512		2000
4601		4601000		32512		2000
4602		4602000		32512		2000
4603		4603000		32512		2000
4604		4604000		32512		2000
4605		4605000		32512		2000
4606		4606000		32512		2000
4607		4607000		32512		2000
4608		4608000		32512		2000
4609		4609000		32512		2000
4610		4610000		32512		2000
4611		4611000		32512		2000
4612		4612000		32512		2000
4613		4613000		32512		2000
4614		4614000		32512		2000
4615		4615000		32512		2000
4616		4616000		32512		2000
4617		4617000		32512		2000
4618		4618000		32512		2000
4619		4619000		32512		2000
4620		4620000		32512		2000
4621		4621000		32512		2000
4622		4622000		32512		2000
4623		4623000		32512		2000
4624		4624000		32512		2000
4625		4625000		32512		2000
4626		4626000		32512		2000
4627		4627000		32512		2000
4628		4628000		32512		2000
4629		4629000		32512		2000
4630		4630000		32512		2000
4631		4631000		32512		2000
4632		4632000		32512		2000
4633		4633000		32512		2000
4634		4634000		32512		2000
4635		4635000		32512		2000
4636		4636000		32512		2000
4637		4637000		32512		2000
4638		4638000		32512		2000
4639		4639000		32512		2000
4640		4640000		32512		2000
4641		4641000		32512		2000
4642		4642000		32512		2000
4643		4643000		32512		2000
4644		4644000		32512		2000
4645		4645000		32512		2000
4646		4646000		32512		2000
4647		4647000		32512		2000
4648		4648000		32512		2000
4649		4649000		32512		2000
4650		4650000		32512		2000
4651		4651000		32512		2000
4652		4652000		32512		2000
4653		4653000		32512		2000
4654		4654000		32512		2000
4655		4655000		32512		2000
4656		4656000		32512		2000
4657		4657000		32512		2000
4658		4658000		32512		2000
4659		4659000		32512		2000
4660		4660000		32512		2000
4661		4661000		32512		2000
4662		4662000		32512		2000
4663		4663000		32512		2000
4664		4664000		32512		2000
4665		4665000		32512		2000
4666		4666000		32512		2000
4667		4667000		32512		2000
4668		4668000		32512		2000
4669		4669000		32512		2000
4670		4670000		32512		2000
4671		4671000		32512		2000
4672		4672000		32512		2000
4673		4673000		-32353		-1990
4674		4674000		-32353		-1990
4675		4675000		-32353		-1990
4676		4676000		-32353		-1990
4677		4677000		-32353		-1990
4678		4678000		-32353		-1990
4679		4679000		-32512		-2000
4680		4680000		-32353		-1990
4681		4681000		-32353		-1990
4682		4682000		-32353		-1990
4683		4683000		-32353		-1990
4684		4684000		-32512		-2000
4685		4685000		-32353		-1990
4686		4686000		-32512		-2000
4687		4687000		-32512		-2000
4688		4688000		-32353		-1990
4689		4689000		-32512		-2000
4690		4690000		-32512		-2000
4691		4691000		-32512		-2000
4692		4692000		-32512		-2000
4693		4693000		-32353		-1990
4694		4694000		-32353		-1990
4695		4695000		-32512		-2000
4696		4696000		-32512		-2000
4697		4697000		-32512		-2000
4698		4698000		-32512		-2000
4699		4699000		-32512		-2000
4700		4700000		-32512		-2000
4701		4701000		-32353		-1990
4702		4702000		-32512		-2000
4703		4703000		-32353		-1990
4704		4704000		-32353		-1990
4705		4705000		-32512		-2000
4706		4706000		-32512		-2000
4707		4707000		-32353		-1990
4708		4708000		-32512		-2000
4709		4709000		-32512		-2000
4710		4710000		-32512		-2000
4711		4711000		-32512		-2000
4712		4712000		-32353		-1990
4713		4713000		-32512		-2000
4714		4714000		-32512		-2000
4715		4715000		-32353		-1990
4716		4716000		-32353		-1990
4717		4717000		-32512		-2000
4718		4718000		-32353		-1990
4719		4719000		-32512		-2000
4720		4720000		-32512		-2000
4721		4721000		-32512		-2000
4722		4722000		-32512		-2000
4723		4723000		-32512		-2000
4724		4724000		-32512		-2000
4725		4725000		-32353		-1990
4726		4726000		-32353		-1990
4727		4727000		-32512		-2000
4728		4728000		-32353		-1990
4729		4729000		-32353		-1990
4730		4730000		-32512		-2000
4731		4731000		-32353		-1990
4732		4732000		-32353		-1990
4733		4733000		-32353		-1990
4734		4734000		-32353		-1990
4735		4735000		-32512		-2000
4736		4736000		-32512		-2000
4737		4737000		-32512		-2000
4738		4738000		-32353		-1990
4739		4739000		-32512		-2000
4740		4740000		-32512		-2000
4741		4741000		-32512		-2000
4742		4742000		-32512		-2000
4743		4743000		-32512		-2000
4744		4744000		-32353		-1990
4745		4745000		-32512		-2000
4746		4746000		-32512		-2000
4747		4747000		-32353		-1990
4748		4748000		-32512		-2000
4749		4749000		-32512		-2000
4750		4750000		-32353		-1990
4751		4751000		-32512		-2000
4752		4752000		-32353		-1990
4753		4753000		-32512		-2000
4754		4754000		-32353		-1990
4755		4755000		-32512		-2000
4756		4756000		-32512		-2000
4757		4757000		-32353		-1990
4758		4758000		-32512		-2000
4759		4759000		-32512		-2000
4760		4760000		-32353		-1990
4761		4761000		-32512		-2000
4762		4762000		-32512		-2000
4763		4763000		-32512		-2000
4764		4764000		-32512		-2000
4765		4765000		-32512		-2000
4766		4766000		-32512		-2000
4767		4767000		-32512		-2000
4768		4768000		-32353		-1990
4769		4769000		-32353		-1990
4770		4770000		-32353		-1990
4771		4771000		-32512		-2000
4772		4772000		-32353		-1990
4773		4773000		-32353		-1990
4774		4774000		-32512		-2000
4775		4775000		-32353		-1990
4776		4776000		-32353		-1990
4777		4777000		-32512		-2000
4778		4778000		-32353		-1990
4779		4779000		-32512		-2000
4780		4780000		-32353		-1990
4781		4781000		-32353		-1990
4782		4782000		-32353		-1990
4783		4783000		-32353		-1990
4784		4784000		-32512		-2000
4785		4785000		-32353		-1990
4786		4786000		-32512		-2000
4787		4787000		-32512		-2000
4788		4788000		-32512		-2000
4789		4789000		-32353		-1990
4790		4790000		-32353		-1990
4791		4791000		-32353		-1990
4792		4792000		-32512		-2000
4793		4793000		-32353		-1990
4794		4794000		-32512		-2000
4795		4795000		-32353		-1990
4796		4796000		-32353		-1990
4797		4797000		-32512		-2000
4798		4798000		-32353		-1990
4799		4799000		-32353		-1990
4800		4800000		-32353		-1990
4801		4801000		-32353		-1990
4802		4802000		-32512		-2000
4803		4803000		-32353		-1990
4804		4804000		-32353		-1990
4805		4805000		-32512		-2000
4806		4806000		-32512		-2000
4807		4807000		-32353		-1990
4808		4808000		-32353		-1990
4809		4809000		-32512		-2000
4810		4810000		-32512		-2000
4811		4811000		-32353		-1990
4812		4812000		-32353		-1990
4813		4813000		-32353		-1990
4814		4814000		-32512		-2000
4815		4815000		-32353		-1990
4816		4816000		-32353		-1990
4817		4817000		-32353		-1990
4818		4818000		-32353		-1990
4819		4819000		-32353		-1990
4820		4820000		-32353		-1990
4821		4821000		-32353		-1990
4822		4822000		-32353		-1990
4823		4823000		-32512		-2000
4824		4824000		-32353		-1990
4825		4825000		-32353		-1990
4826		4826000		-32353		-1990
4827		4827000		-32353		-1990
4828		4828000		-32353		-1990
4829		4829000		-32512		-2000
4830		4830000		-32353		-1990
4831		4831000		-32512		-2000
4832		4832000		-32353		-1990
4833		4833000		-32512		-2000
4834		4834000		-32353		-1990
4835		4835000		-32353		-1990
4836		4836000		-32353		-1990
4837		4837000		-32353		-1990
4838		4838000		-32512		-2000
4839		4839000		-32353		-1990
4840		4840000		-32353		-1990
4841		4841000		-32353		-1990
4842		4842000		-32353		-1990
4843		4843000		-32353		-1990
4844		4844000		-32353		-1990
4845		4845000		-32353		-1990
4846		4846000		-32512		-2000
4847		4847000		-32353		-1990
4848		4848000		-32353		-1990
4849		4849000		-32353		-1990
4850		4850000		-32353		-1990
4851		4851000		-32353		-1990
4852		4852000		-32353		-1990
4853		4853000		-32512		-2000
4854		4854000		-32353		-1990
4855		4855000		-32353		-1990
4856		4856000		-32353		-1990
4857		4857000		-32353		-1990
4858		4858000		-32512		-2000
4859		4859000		-32353		-1990
4860		4860000		-32353		-1990
4861		4861000		-32353		-1990
4862		4862000		-32353		-1990
4863		4863000		-32353		-1990
4864		4864000		-32353		-1990
4865		4865000		-32353		-1990
4866		4866000		-32353		-1990
4867		4867000		-32512		-2000
4868		4868000		-32512		-2000
4869		4869000		-32353		-1990
4870		4870000		-32353		-1990
4871		4871000		-32353		-1990
4872		4872000		-32353		-1990
4873		4873000		-32353		-1990
4874		4874000		-32353		-1990
4875		4875000		-32353		-1990
4876		4876000		-32353		-1990
4877		4877000		-32353		-1990
4878		4878000		-32512		-2000
4879		4879000		-32353		-1990
4880		4880000		-32353		-1990
4881		4881000		-32353		-1990
4882		4882000		-32353		-1990
4883		4883000		-32353		-1990
4884		4884000		-32353		-1990
4885		4885000		-32353		-1990
4886		4886000		-32353		-1990
4887		4887000		-32512		-2000
4888		4888000		-32353		-1990
4889		4889000		-32353		-1990
4890		4890000		-32064		-1972
4891		4891000		-32353		-1990
4892		4892000		-32353		-1990
4893		4893000		-32353		-1990
4894		4894000		-32353		-1990
4895		4895000		-32353		-1990
4896		4896000		-32512		-2000
4897		4897000		-32353		-1990
4898		4898000		-32353		-1990
4899		4899000		-32353		-1990
4900		4900000		-32064		-1972
4901		4901000		-32353		-1990
4902		4902000		-32353		-1990
4903		4903000		-32353		-1990
4904		4904000		-32353		-1990
4905		4905000		-32353		-1990
4906		4906000		-32353		-1990
4907		4907000		-32353		-1990
4908		4908000		-32512		-2000
4909		4909000		-32353		-1990
4910		4910000		-32353		-1990
4911		4911000		-32512		-2000
4912		4912000		-32353		-1990
4913		4913000		-32512		-2000
4914		4914000		-32512		-2000
4915		4915000		-32353		-1990
4916		4916000		-32353		-1990
4917		4917000		-32512		-2000
4918		4918000		-32353		-1990
4919		4919000		-32353		-1990
4920		4920000		-32353		-1990
4921		4921000		-32353		-1990
4922		4922000		-32512		-2000
4923		4923000		-32512		-2000
4924		4924000		-32512		-2000
4925		4925000		-32512		-2000
4926		4926000		-32512		-2000
4927		4927000		-32353		-1990
4928		4928000		-32353		-1990
4929		4929000		-32512		-2000
4930		4930000		-32512		-2000
4931		4931000		-32353		-1990
4932		4932000		-32512		-2000
4933		4933000		-32353		-1990
4934		4934000		-32512		-2000
4935		4935000		-32512		-2000
4936		4936000		-32512		-2000
4937		4937000		-32353		-1990
4938		4938000		-32353		-1990
4939		4939000		-32512		-2000
4940		4940000		-32064		-1972
4941		4941000		-32353		-1990
4942		4942000		-32353		-1990
4943		4943000		-32353		-1990
4944		4944000		-32512		-2000
4945		4945000		-32512		-2000
4946		4946000		-32512		-2000
4947		4947000		-32512		-2000
4948		4948000		-32512		-2000
4949		4949000		-32353		-1990
4950		4950000		-32512		-2000
4951		4951000		-32353		-1990
4952		4952000		-32512		-2000
4953		4953000		-32353		-1990
4954		4954000		-32353		-1990
4955		4955000		-32512		-2000
4956		4956000		-32353		-1990
4957		4957000		-32512		-2000
4958		4958000		-32512		-2000
4959		4959000		-32353		-1990
4960		4960000		-32353		-1990
4961		4961000		-32512		-2000
4962		4962000		-32512		-2000
4963		4963000		-32512		-2000
4964		4964000		-32512		-2000
4965		4965000		-32353		-1990
4966		4966000		-32512		-2000
4967		4967000		-32353		-1990
4968		4968000		-32512		-2000
4969		4969000		-32512		-2000
4970		4970000		-32353		-1990
4971		4971000		-32512		-2000
4972		4972000		-32512		-2000
4973		4973000		-32512		-2000
4974		4974000		-32512		-2000
4975		4975000		-32353		-1990
4976		4976000		-32512		-2000
4977		4977000		-32512		-2000
4978		4978000		-32353		-1990
4979		4979000		-32512		-2000
4980		4980000		-32353		-1990
4981		4981000		-32353		-1990
4982		4982000		-32512		-2000
4983		4983000		-32512		-2000
4984		4984000		-32512		-2000
4985		4985000		-32512		-2000
4986		4986000		-32512		-2000
4987		4987000		-32512		-2000
4988		4988000		-32512		-2000
4989		4989000		-32512		-2000
4990		4990000		-32512		-2000
4991		4991000		-32512		-2000
4992		4992000		-32512		-2000
4993		4993000		-32353		-1990
4994		4994000		-32512		-2000
4995		4995000		-32512		-2000
4996		4996000		-32353		-1990
4997		4997000		-32353		-1990
4998		4998000		-32353		-1990
4999		4999000		-32353		-1990
5000		5000000		-32353		-1990
5001		5001000		-32512		-2000
5002		5002000		-32353		-1990
5003		5003000		-32512		-2000
5004		5004000		-32353		-1990
5005		5005000		-32512		-2000
5006		5006000		-32512		-2000
5007		5007000		-32353		-1990
5008		5008000		-32353		-1990
5009		5009000		-32353		-1990
5010		5010000		-32353		-1990
5011		5011000		-32353		-1990
5012		5012000		-32353		-1990
5013		5013000		-32353		-1990
5014		5014000		-32353		-1990
5015		5015000		-32512		-2000
5016		5016000		-32512		-2000
5017		5017000		-32353		-1990
5018		5018000		-32353		-1990
5019		5019000		-32353		-1990
5020		5020000		-32353		-1990
5021		5021000		-32512		-2000
5022		5022000		-32512		-2000
5023		5023000		-32512		-2000
5024		5024000		-32353		-1990
5025		5025000		-32353		-1990
5026		5026000		-32353		-1990
5027		5027000		-32512		-2000
5028		5028000		-32353		-1990
5029		5029000		-32353		-1990
5030		5030000		-32512		-2000
5031		5031000		-32353		-1990
5032		5032000		-32353		-1990
5033		5033000		-32353		-1990
5034		5034000		-32353		-1990
5035		5035000		-32353		-1990
5036		5036000		-32353		-1990
5037		5037000		-32512		-2000
5038		5038000		-32353		-1990
5039		5039000		-32512		-2000
5040		5040000		-32353		-1990
5041		5041000		-32512		-2000
5042		5042000		-32353		-1990
5043		5043000		-32512		-2000
5044		5044000		-32353		-1990
5045		5045000		-32353		-1990
5046		5046000		-32353		-1990
5047		5047000		-32512		-2000
5048		5048000		-32353		-1990
5049		5049000		-32353		-1990
5050		5050000		-32353		-1990
5051		5051000		-32353		-1990
5052		5052000		-32353		-1990
5053		5053000		-32353		-1990
5054		5054000		-32353		-1990
5055		5055000		-32353		-1990
5056		5056000		-32353		-1990
5057		5057000		-32353		-1990
5058		5058000		-32512		-2000
5059		5059000		-32512		-2000
5060		5060000		-32353		-1990
5061		5061000		-32353		-1990
5062		5062000		-32353		-1990
5063		5063000		-32353		-1990
5064		5064000		-32353		-1990
5065		5065000		-32353		-1990
5066		5066000		-32353		-1990
5067		5067000		-32353		-1990
5068		5068000		-32353		-1990
5069		5069000		-32353		-1990
5070		5070000		-32353		-1990
5071		5071000		-32512		-2000
5072		5072000		-32353		-1990
5073		5073000		-32512		-2000
5074		5074000		-32353		-1990
5075		5075000		-32353		-1990
5076		5076000		-32353		-1990
5077		5077000		-32353		-1990
5078		5078000		-32064		-1972
5079		5079000		-32353		-1990
5080		5080000		-32353		-1990
5081		5081000		-32353		-1990
5082		5082000		-32353		-1990
5083		5083000		-32353		-1990
5084		5084000		-32353		-1990
5085		5085000		-32353		-1990
5086		5086000		-32353		-1990
5087		5087000		-32353		-1990
5088		5088000		-32353		-1990
5089		5089000		-32353		-1990
5090		5090000		-32353		-1990
5091		5091000		-32353		-1990
5092		5092000		-32353		-1990
5093		5093000		-32353		-1990
5094		5094000		-32353		-1990
5095		5095000		-32353		-1990
5096		5096000		-32353		-1990
5097		5097000		-32353		-1990
5098		5098000		-32353		-1990
5099		5099000		-32353		-1990
5100		5100000		-32353		-1990
5101		5101000		-32512		-2000
5102		5102000		-32353		-1990
5103		5103000		-32353		-1990
5104		5104000		-32353		-1990
5105		5105000		-32353		-1990
5106		5106000		-32353		-1990
5107		5107000		-32353		-1990
5108		5108000		-32353		-1990
5109		5109000		-32353		-1990
5110		5110000		-32353		-1990
5111		5111000		-32353		-1990
5112		5112000		-32353		-1990
5113		5113000		-32353		-1990
5114		5114000		-32353		-1990
5115		5115000		-32353		-1990
5116		5116000		-32353		-1990
5117		5117000		-32353		-1990
5118		5118000		-32353		-1990
5119		5119000		-32353		-1990
5120		5120000		-32353		-1990
5121		5121000		-32353		-1990
5122		5122000		-32353		-1990
5123		5123000		-32512		-2000
5124		5124000		-32353		-1990
5125		5125000		-32353		-1990
5126		5126000		-32353		-1990
5127		5127000		-32353		-1990
5128		5128000		-32064		-1972
5129		5129000		-32353		-1990
5130		5130000		-32353		-1990
5131		5131000		-32353		-1990
5132		5132000		-32353		-1990
5133		5133000		-32353		-1990
5134		5134000		-32353		-1990
5135		5135000		-32353		-1990
5136		5136000		-32353		-1990
5137		5137000		-32353		-1990
5138		5138000		-32353		-1990
5139		5139000		-32353		-1990
5140		5140000		-32064		-1972
5141		5141000		-32353		-1990
5142		5142000		-32353		-1990
5143		5143000		-32353		-1990
5144		5144000		-32353		-1990
5145		5145000		-32353		-1990
5146		5146000		-32353		-1990
5147		5147000		-32353		-1990
5148		5148000		-32353		-1990
5149		5149000		-32353		-1990
5150		5150000		-32353		-1990
5151		5151000		-32353		-1990
5152		5152000		-32064		-1972
5153		5153000		-32064		-1972
5154		5154000		-32064		-1972
5155		5155000		-32064		-1972
5156		5156000		-32064		-1972
5157		5157000		-32353		-1990
5158		5158000		-32353		-1990
5159		5159000		-32353		-1990
5160		5160000		-32353		-1990
5161		5161000		-32353		-1990
5162		5162000		-32353		-1990
5163		5163000		-32353		-1990
5164		5164000		-32353		-1990
5165		5165000		-32353		-1990
5166		5166000		-32353		-1990
5167		5167000		-32353		-1990
5168		5168000		-32353		-1990
5169		5169000		-32353		-1990
5170		5170000		-32353		-1990
5171		5171000		-32353		-1990
5172		5172000		-32353		-1990
5173		5173000		32512		2000
5174		5174000		32512		2000
5175		5175000		32512		2000
5176		5176000		32512		2000
5177		5177000		32512		2000
5178		5178000		32512		2000
5179		5179000		32512		2000
5180		5180000		32512		2000
5181		5181000		32512		2000
5182		5182000		32512		2000
5183		5183000		32512		2000
5184		5184000		32512		2000
5185		5185000		32512		2000
5186		5186000		32512		2000
5187		5187000		32512		2000
5188		5188000		32512		2000
5189		5189000		32512		2000
5190		5190000		32512		2000
5191		5191000		32512		2000
5192		5192000		32512		2000
5193		5193000		32512		2000
5194		5194000		32512		2000
5195		5195000		32512		2000
5196		5196000		32512		2000
5197		5197000		32512		2000
5198		5198000		32512		2000
5199		5199000		32512		2000
5200		5200000		32512		2000
5201		5201000		32512		2000
5202		5202000		32512		2000
5203		5203000		32512		2000
5204		5204000		32512		2000
5205		5205000		32512		2000
5206		5206000		32512		2000
5207		5207000		32512		2000
5208		5208000		32512		2000
5209		5209000		32512		2000
5210		5210000		32512		2000
5211		5211000		32512		2000
5212		5212000		32512		2000
5213		5213000		32512		2000
5214		5214000		32512		2000
5215		5215000		32512		2000
5216		5216000		32512		2000
5217		5217000		32512		2000
5218		5218000		32512		2000
5219		5219000		32512		2000
5220		5220000		32512		2000
5221		5221000		32512		2000
5222		5222000		32512		2000
5223		5223000		32512		2000
5224		5224000		32512		2000
5225		5225000		32512		2000
5226		5226000		32512		2000
5227		5227000		32512		2000
5228		5228000		32512		2000
5229		5229000		32512		2000
5230		5230000		32512		2000
5231		5231000		32512		2000
5232		5232000		32512		2000
5233		5233000		32512		2000
5234		5234000		32512		2000
5235		5235000		32512		2000
5236		5236000		32512		2000
5237		5237000		32512		2000
5238		5238000		32512		2000
5239		5239000		32512		2000
5240		5240000		32512		2000
5241		5241000		32512		2000
5242		5242000		32512		2000
5243		5243000		32512		2000
5244		5244000		32512		2000
5245		5245000		32512		2000
5246		5246000		32512		2000
5247		5247000		32512		2000
5248		5248000		32512		2000
5249		5249000		32512		2000
5250		5250000		32512		2000
5251		5251000		32512		2000
5252		5252000		32512		2000
5253		5253000		32512		2000
5254		5254000		32512		2000
5255		5255000		32512		2000
5256		5256000		32512		2000
5257		5257000		32512		2000
5258		5258000		32512		2000
5259		5259000		32512		2000
5260		5260000		32512		2000
5261		5261000		32512		2000
5262		5262000		32512		2000
5263		5263000		32512		2000
5264		5264000		32512		2000
5265		5265000		32512		2000
5266		5266000		32512		2000
5267		5267000		32512		2000
5268		5268000		32512		2000
5269		5269000		32512		2000
5270		5270000		32512		2000
5271		5271000		32512		2000
5272		5272000		32512		2000
5273		5273000		32512		2000
5274		5274000		32512		2000
5275		5275000		32512		2000
5276		5276000		32512		2000
5277		5277000		32512		2000
5278		5278000		32512		2000
5279		5279000		32512		2000
5280		5280000		32512		2000
5281		5281000		32512		2000
5282		5282000		32512		2000
5283		5283000		32512		2000
5284		5284000		32512		2000
5285		5285000		32512		2000
5286		5286000		32512		2000
5287		5287000		32512		2000
5288		5288000		32512		2000
5289		5289000		32512		2000
5290		5290000		32512		2000
5291		5291000		32512		2000
5292		5292000		32512		2000
5293		5293000		32512		2000
5294		5294000		32512		2000
5295		5295000		32512		2000
5296		5296000		32512		2000
5297		5297000		32512		2000
5298		5298000		32512		2000
5299		5299000		32512		2000
5300		5300000		32512		2000
5301		5301000		32512		2000
5302		5302000		32512		2000
5303		5303000		32512		2000
5304		5304000		32512		2000
5305		5305000		32512		2000
5306		5306000		32512		2000
5307		5307000		32512		2000
5308		5308000		32353		1990
5309		5309000		32512		2000
5310		5310000		32512		2000
5311		5311000		32512		2000
5312		5312000		32512		2000
5313		5313000		32512		2000
5314		5314000		32512		2000
5315		5315000		32512		2000
5316		5316000		32512		2000
5317		5317000		32512		2000
5318		5318000		32512		2000
5319		5319000		32512		2000
5320		5320000		32512		2000
5321		5321000		32512		2000
5322		5322000		32512		2000
5323		5323000		32512		2000
5324		5324000		32512		2000
5325		5325000		32512		2000
5326		5326000		32512		2000
5327		5327000		32512		2000
5328		5328000		32512		2000
5329		5329000		32512		2000
5330		5330000		32512		2000
5331		5331000		32512		2000
5332		5332000		32512		2000
5333		5333000		32512		2000
5334		5334000		32512		2000
5335		5335000		32512		2000
5336		5336000		32512		2000
5337		5337000		32512		2000
5338		5338000		32512		2000
5339		5339000		32512		2000
5340		5340000		32512		2000
5341		5341000		32512		2000
5342		5342000		32512		2000
5343		5343000		32512		2000
5344		5344000		32512		2000
5345		5345000		32512		2000
5346		5346000		32512		2000
5347		5347000		32512		2000
5348		5348000		32512		2000
5349		5349000		32512		2000
5350		5350000		32512		2000
5351		5351000		32512		2000
5352		5352000		32512		2000
5353		5353000		32512		2000
5354		5354000		32512		2000
5355		5355000		32512		2000
5356		5356000		32512		2000
5357		5357000		32512		2000
5358		5358000		32512		2000
5359		5359000		32512		2000
5360		5360000		32512		2000
5361		5361000		32512		2000
5362		5362000		32512		2000
5363		5363000		32512		2000
5364		5364000		32512		2000
5365		5365000		32512		2000
5366		5366000		32512		2000
5367		5367000		32512		2000
5368		5368000		32512		2000
5369		5369000		32512		2000
5370		5370000		32512		2000
5371		5371000		32512		2000
5372		5372000		32512		2000
5373		5373000		32512		2000
5374		5374000		32512		2000
5375		5375000		32512		2000
5376		5376000		32512		2000
5377		5377000		32512		2000
5378		5378000		32512		2000
5379		5379000		32512		2000
5380		5380000		32512		2000
5381		5381000		32512		2000
5382		5382000		32512		2000
5383		5383000		32512		2000
5384		5384000		32512		2000
5385		5385000		32512		2000
5386		5386000		32512		2000
5387		5387000		32512		2000
5388		5388000		32512		2000
5389		5389000		32512		2000
5390		5390000		32512		2000
5391		5391000		32512		2000
5392		5392000		32512		2000
5393		5393000		32512		2000
5394		5394000		32512		2000
5395		5395000		32512		2000
5396		5396000		32512		2000
5397		5397000		32512		2000
5398		5398000		32512		2000
5399		5399000		32512		2000
5400		5400000		32512		2000
5401		5401000		32512		2000
5402		5402000		32512		2000
5403		5403000		32512		2000
5404		5404000		32512		2000
5405		5405000		32512		2000
5406		5406000		32512		2000
5407		5407000		32512		2000
5408		5408000		32512		2000
5409		5409000		32512		2000
5410		5410000		32512		2000
5411		5411000		32512		2000
5412		5412000		32512		2000
5413		5413000		32512		2000
5414		5414000		32512		2000
5415		5415000		32512		2000
5416		5416000		32512		2000
5417		5417000		32512		2000
5418		5418000		32512		2000
5419		5419000		32512		2000
5420		5420000		32512		2000
5421		5421000		32512		2000
5422		5422000		32512		2000
5423		5423000		32512		2000
5424		5424000		32512		2000
5425		5425000		32512		2000
5426		5426000		32512		2000
5427		5427000		32512		2000
5428		5428000		32512		2000
5429		5429000		32512		2000
5430		5430000		32512		2000
5431		5431000		32512		2000
5432		5432000		32512		2000
5433		5433000		32512		2000
5434		5434000		32512		2000
5435		5435000		32512		2000
5436		5436000		32512		2000
5437		5437000		32512		2000
5438		5438000		32512		2000
5439		5439000		32512		2000
5440		5440000		32512		2000
5441		5441000		32512		2000
5442		5442000		32512		2000
5443		5443000		32512		2000
5444		5444000		32512		2000
5445		5445000		32512		2000
5446		5446000		32512		2000
5447		5447000		32512		2000
5448		5448000		32512		2000
5449		5449000		32512		2000
5450		5450000		32512		2000
5451		5451000		32512		2000
5452		5452000		32512		2000
5453		5453000		32512		2000
5454		5454000		32512		2000
5455		5455000		32512		2000
5456		5456000		32512		2000
5457		5457000		32512		2000
5458		5458000		32512		2000
5459		5459000		32512		2000
5460		5460000		32512		2000
5461		5461000		32512		2000
5462		5462000		32512		2000
5463		5463000		32512		2000
5464		5464000		32512		2000
5465		5465000		32512		2000
5466		5466000		32512		2000
5467		5467000		32512		2000
5468		5468000		32512		2000
5469		5469000		32512		2000
5470		5470000		32512		2000
5471		5471000		32512		2000
5472		5472000		32512		2000
5473		5473000		32512		2000
5474		5474000		32512		2000
5475		5475000		32512		2000
5476		5476000		32512		2000
5477		5477000		32512		2000
5478		5478000		32512		2000
5479		5479000		32512		2000
5480		5480000		32512		2000
5481		5481000		32512		2000
5482		5482000		32512		2000
5483		5483000		32512		2000
5484		5484000		32512		2000
5485		5485000		32512		2000
5486		5486000		32512		2000
5487		5487000		32512		2000
5488		5488000		32512		2000
5489		5489000		32512		2000
5490		5490000		32512		2000
5491		5491000		32512		2000
5492		5492000		32512		2000
5493		5493000		32512		2000
5494		5494000		32512		2000
5495		5495000		32512		2000
5496		5496000		32512		2000
5497		5497000		32512		2000
5498		5498000		32512		2000
5499		5499000		32512		2000
5500		5500000		32512		2000
5501		5501000		32512		2000
5502		5502000		32512		2000
5503		5503000		32512		2000
5504		5504000		32512		2000
5505		5505000		32512		2000
5506		5506000		32512		2000
5507		5507000		32512		2000
5508		5508000		32512		2000
5509		5509000		32353		1990
5510		5510000		32512		2000
5511		5511000		32512		2000
5512		5512000		32512		2000
5513		5513000		32512		2000
5514		5514000		32512		2000
5515		5515000		32512		2000
5516		5516000		32512		2000
5517		5517000		32512		2000
5518		5518000		32353		1990
5519		5519000		32512		2000
5520		5520000		32512		2000
5521		5521000		32512		2000
5522		5522000		32353		1990
5523		5523000		32512		2000
5524		5524000		32512		2000
5525		5525000		32512		2000
5526		5526000		32512		2000
5527		5527000		32512		2000
5528		5528000		32512		2000
5529		5529000		32512		2000
5530		5530000		32512		2000
5531		5531000		32512		2000
5532		5532000		32353		1990
5533		5533000		32353		1990
5534		5534000		32512		2000
5535		5535000		32512		2000
5536		5536000		32512		2000
5537		5537000		32512		2000
5538		5538000		32512		2000
5539		5539000		32512		2000
5540		5540000		32512		2000
5541		5541000		32512		2000
5542		5542000		32512		2000
5543		5543000		32512		2000
5544		5544000		32512		2000
5545		5545000		32512		2000
5546		5546000		32512		2000
5547		5547000		32512		2000
5548		5548000		32512		2000
5549		5549000		32512		2000
5550		5550000		32512		2000
5551		5551000		32512		2000
5552		5552000		32512		2000
5553		5553000		32353		1990
5554		5554000		32512		2000
5555		5555000		32353		1990
5556		5556000		32512		2000
5557		5557000		32512		2000
5558		5558000		32512		2000
5559		5559000		32512		2000
5560		5560000		32512		2000
5561		5561000		32512		2000
5562		5562000		32512		2000
5563		5563000		32512		2000
5564		5564000		32512		2000
5565		5565000		32512		2000
5566		5566000		32512		2000
5567		5567000		32512		2000
5568		5568000		32512		2000
5569		5569000		32512		2000
5570		5570000		32512		2000
5571		5571000		32512		2000
5572		5572000		32512		2000
5573		5573000		32512		2000
5574		5574000		32512		2000
5575		5575000		32512		2000
5576		5576000		32512		2000
5577		5577000		32512		2000
5578		5578000		32512		2000
5579		5579000		32512		2000
5580		5580000		32512		2000
5581		5581000		32512		2000
5582		5582000		32512		2000
5583		5583000		32512		2000
5584		5584000		32512		2000
5585		5585000		32512		2000
5586		5586000		32512		2000
5587		5587000		32353		1990
5588		5588000		32512		2000
5589		5589000		32512		2000
5590		5590000		32353		1990
5591		5591000		32512		2000
5592		5592000		32512		2000
5593		5593000		32512		2000
5594		5594000		32353		1990
5595		5595000		32512		2000
5596		5596000		32512		2000
5597		5597000		32353		1990
5598		5598000		32512		2000
5599		5599000		32512		2000
5600		5600000		32512		2000
5601		5601000		32512		2000
5602		5602000		32512		2000
5603		5603000		32512		2000
5604		5604000		32353		1990
5605		5605000		32353		1990
5606		5606000		32512		2000
5607		5607000		32512		2000
5608		5608000		32512		2000
5609		5609000		32512		2000
5610		5610000		32512		2000
5611		5611000		32512		2000
5612		5612000		32512		2000
5613		5613000		32512		2000
5614		5614000		32512		2000
5615		5615000		32353		1990
5616		5616000		32512		2000
5617		5617000		32512		2000
5618		5618000		32512		2000
5619		5619000		32512		2000
5620		5620000		32512		2000
5621		5621000		32512		2000
5622		5622000		32512		2000
5623		5623000		32512		2000
5624		5624000		32353		1990
5625		5625000		32512		2000
5626		5626000		32512		2000
5627		5627000		32512		2000
5628		5628000		32512		2000
5629		5629000		32512		2000
5630		5630000		32512		2000
5631		5631000		32353		1990
5632		5632000		32512		2000
5633		5633000		32512		2000
5634		5634000		32512		2000
5635		5635000		32512		2000
5636		5636000		32512		2000
5637		5637000		32512		2000
5638		5638000		32512		2000
5639		5639000		32353		1990
5640		5640000		32512		2000
5641		5641000		32512		2000
5642		5642000		32353		1990
5643		5643000		32512		2000
5644		5644000		32512		2000
5645		5645000		32512		2000
5646		5646000		32512		2000
5647		5647000		32512		2000
5648		5648000		32512		2000
5649		5649000		32512		2000
5650		5650000		32512		2000
5651		5651000		32512		2000
5652		5652000		32512		2000
5653		5653000		32512		2000
5654		5654000		32353		1990
5655		5655000		32353		1990
5656		5656000		32512		2000
5657		5657000		32512		2000
5658		5658000		32512		2000
5659		5659000		32512		2000
5660		5660000		32512		2000
5661		5661000		32512		2000
5662		5662000		32512		2000
5663		5663000		32512		2000
5664		5664000		32512		2000
5665		5665000		32512		2000
5666		5666000		32512		2000
5667		5667000		32353		1990
5668		5668000		32512		2000
5669		5669000		32353		1990
5670		5670000		32353		1990
5671		5671000		32512		2000
5672		5672000		32512		2000
5673		5673000		-32512		-2000
5674		5674000		-32353		-1990
5675		5675000		-32353		-1990
5676		5676000		-32353		-1990
5677		5677000		-32353		-1990
5678		5678000		-32353		-1990
5679		5679000		-32512		-2000
5680		5680000		-32512		-2000
5681		5681000		-32512		-2000
5682		5682000		-32512		-2000
5683		5683000		-32512		-2000
5684		5684000		-32512		-2000
5685		5685000		-32512		-2000
5686		5686000		-32512		-2000
5687		5687000		-32512		-2000
5688		5688000		-32512		-2000
5689		5689000		-32512		-2000
5690		5690000		-32512		-2000
5691		5691000		-32512		-2000
5692		5692000		-32512		-2000
5693		5693000		-32512		-2000
5694		5694000		-32512		-2000
5695		5695000		-32512		-2000
5696		5696000		-32512		-2000
5697		5697000		-32512		-2000
5698		5698000		-32512		-2000
5699		5699000		-32512		-2000
5700		5700000		-32512		-2000
5701		5701000		-32512		-2000
5702		5702000		-32512		-2000
5703		5703000		-32512		-2000
5704		5704000		-32512		-2000
5705		5705000		-32512		-2000
5706		5706000		-32353		-1990
5707		5707000		-32512		-2000
5708		5708000		-32512		-2000
5709		5709000		-32512		-2000
5710		5710000		-32512		-2000
5711		5711000		-32512		-2000
5712		5712000		-32512		-2000
5713		5713000		-32512		-2000
5714		5714000		-32512		-2000
5715		5715000		-32512		-2000
5716		5716000		-32512		-2000
5717		5717000		-32512		-2000
5718		5718000		-32512		-2000
5719		5719000		-32512		-2000
5720		5720000		-32512		-2000
5721		5721000		-32512		-2000
5722		5722000		-32512		-2000
5723		5723000		-32512		-2000
5724		5724000		-32512		-2000
5725		5725000		-32512		-2000
5726		5726000		-32512		-2000
5727		5727000		-32512		-2000
5728		5728000		-32512		-2000
5729		5729000		-32512		-2000
5730		5730000		-32512		-2000
5731		5731000		-32512		-2000
5732		5732000		-32512		-2000
5733		5733000		-32512		-2000
5734		5734000		-32512		-2000
5735		5735000		-32512		-2000
5736		5736000		-32512		-2000
5737		5737000		-32512		-2000
5738		5738000		-32512		-2000
5739		5739000		-32512		-2000
5740		5740000		-32512		-2000
5741		5741000		-32353		-1990
5742		5742000		-32512		-2000
5743		5743000		-32512		-2000
5744		5744000		-32512		-2000
5745		5745000		-32512		-2000
5746		5746000		-32512		-2000
5747		5747000		-32512		-2000
5748		5748000		-32512		-2000
5749		5749000		-32512		-2000
5750		5750000		-32512		-2000
5751		5751000		-32512		-2000
5752		5752000		-32512		-2000
5753		5753000		-32512		-2000
5754		5754000		-32512		-2000
5755		5755000		-32512		-2000
5756		5756000		-32512		-2000
5757		5757000		-32512		-2000
5758		5758000		-32512		-2000
5759		5759000		-32512		-2000
5760		5760000		-32512		-2000
5761		5761000		-32512		-2000
5762		5762000		-32512		-2000
5763		5763000		-32512		-2000
5764		5764000		-32512		-2000
5765		5765000		-32512		-2000
5766		5766000		-32512		-2000
5767		5767000		-32512		-2000
5768		5768000		-32512		-2000
5769		5769000		-32512		-2000
5770		5770000		-32512		-2000
5771		5771000		-32512		-2000
5772		5772000		-32512		-2000
5773		5773000		-32512		-2000
5774		5774000		-32512		-2000
5775		5775000		-32512		-2000
5776		5776000		-32512		-2000
5777		5777000		-32512		-2000
5778		5778000		-32512		-2000
5779		5779000		-32512		-2000
5780		5780000		-32512		-2000
5781		5781000		-32512		-2000
5782		5782000		-32512		-2000
5783		5783000		-32512		-2000
5784		5784000		-32512		-2000
5785		5785000		-32512		-2000
5786		5786000		-32512		-2000
5787		5787000		-32512		-2000
5788		5788000		-32512		-2000
5789		5789000		-32512		-2000
5790		5790000		-32512		-2000
5791		5791000		-32512		-2000
5792		5792000		-32512		-2000
5793		5793000		-32512		-2000
5794		5794000		-32512		-2000
5795		5795000		-32512		-2000
5796		5796000		-32512		-2000
5797		5797000		-32512		-2000
5798		5798000		-32512		-2000
5799		5799000		-32512		-2000
5800		5800000		-32512		-2000
5801		5801000		-32512		-2000
5802		5802000		-32512		-2000
5803		5803000		-32512		-2000
5804		5804000		-32512		-2000
5805		5805000		-32512		-2000
5806		5806000		-32512		-2000
5807		5807000		-32512		-2000
5808		5808000		-32512		-2000
5809		5809000		-32512		-2000
5810		5810000		-32512		-2000
5811		5811000		-32512		-2000
5812		5812000		-32512		-2000
5813		5813000		-32512		-2000
5814		5814000		-32512		-2000
5815		5815000		-32512		-2000
5816		5816000		-32512		-2000
5817		5817000		-32512		-2000
5818		5818000		-32512		-2000
5819		5819000		-32512		-2000
5820		5820000		-32512		-2000
5821		5821000		-32353		-1990
5822		5822000		-32512		-2000
5823		5823000		-32512		-2000
5824		5824000		-32512		-2000
5825		5825000		-32512		-2000
5826		5826000		-32512		-2000
5827		5827000		-32512		-2000
5828		5828000		-32512		-2000
5829		5829000		-32512		-2000
5830		5830000		-32512		-2000
5831		5831000		-32512		-2000
5832		5832000		-32512		-2000
5833		5833000		-32512		-2000
5834		5834000		-32512		-2000
5835		5835000		-32512		-2000
5836		5836000		-32512		-2000
5837		5837000		-32512		-2000
5838		5838000		-32512		-2000
5839		5839000		-32512		-2000
5840		5840000		-32512		-2000
5841		5841000		-32512		-2000
5842		5842000		-32512		-2000
5843		5843000		-32512		-2000
5844		5844000		-32512		-2000
5845		5845000		-32512		-2000
5846		5846000		-32512		-2000
5847		5847000		-32512		-2000
5848		5848000		-32512		-2000
5849		5849000		-32512		-2000
5850		5850000		-32512		-2000
5851		5851000		-32512		-2000
5852		5852000		-32353		-1990
5853		5853000		-32353		-1990
5854		5854000		-32512		-2000
5855		5855000		-32512		-2000
5856		5856000		-32512		-2000
5857		5857000		-32512		-2000
5858		5858000		-32512		-2000
5859		5859000		-32512		-2000
5860		5860000		-32353		-1990
5861		5861000		-32512		-2000
5862		5862000		-32512		-2000
5863		5863000		-32512		-2000
5864		5864000		-32512		-2000
5865		5865000		-32512		-2000
5866		5866000		-32512		-2000
5867		5867000		-32512		-2000
5868		5868000		-32512		-2000
5869		5869000		-32512		-2000
5870		5870000		-32512		-2000
5871		5871000		-32512		-2000
5872		5872000		-32512		-2000
5873		5873000		-32512		-2000
5874		5874000		-32512		-2000
5875		5875000		-32353		-1990
5876		5876000		-32353		-1990
5877		5877000		-32512		-2000
5878		5878000		-32512		-2000
5879		5879000		-32512		-2000
5880		5880000		-32512		-2000
5881		5881000		-32353		-1990
5882		5882000		-32512		-2000
5883		5883000		-32512		-2000
5884		5884000		-32512		-2000
5885		5885000		-32512		-2000
5886		5886000		-32353		-1990
5887		5887000		-32353		-1990
5888		5888000		-32353		-1990
5889		5889000		-32512		-2000
5890		5890000		-32353		-1990
5891		5891000		-32512		-2000
5892		5892000		-32512		-2000
5893		5893000		-32353		-1990
5894		5894000		-32512		-2000
5895		5895000		-32512		-2000
5896		5896000		-32512		-2000
5897		5897000		-32512		-2000
5898		5898000		-32353		-1990
5899		5899000		-32512		-2000
5900		5900000		-32512		-2000
5901		5901000		-32512		-2000
5902		5902000		-32512		-2000
5903		5903000		-32512		-2000
5904		5904000		-32512		-2000
5905		5905000		-32512		-2000
5906		5906000		-32353		-1990
5907		5907000		-32512		-2000
5908		5908000		-32512		-2000
5909		5909000		-32353		-1990
5910		5910000		-32353		-1990
5911		5911000		-32512		-2000
5912		5912000		-32512		-2000
5913		5913000		-32353		-1990
5914		5914000		-32353		-1990
5915		5915000		-32353		-1990
5916		5916000		-32353		-1990
5917		5917000		-32353		-1990
5918		5918000		-32512		-2000
5919		5919000		-32512		-2000
5920		5920000		-32512		-2000
5921		5921000		-32512		-2000
5922		5922000		-32353		-1990
5923		5923000		-32353		-1990
5924		5924000		-32353		-1990
5925		5925000		-32512		-2000
5926		5926000		-32512		-2000
5927		5927000		-32512		-2000
5928		5928000		-32353		-1990
5929		5929000		-32512		-2000
5930		5930000		-32512		-2000
5931		5931000		-32353		-1990
5932		5932000		-32512		-2000
5933		5933000		-32353		-1990
5934		5934000		-32353		-1990
5935		5935000		-32353		-1990
5936		5936000		-32353		-1990
5937		5937000		-32353		-1990
5938		5938000		-32353		-1990
5939		5939000		-32512		-2000
5940		5940000		-32353		-1990
5941		5941000		-32353		-1990
5942		5942000		-32353		-1990
5943		5943000		-32353		-1990
5944		5944000		-32353		-1990
5945		5945000		-32353		-1990
5946		5946000		-32353		-1990
5947		5947000		-32353		-1990
5948		5948000		-32512		-2000
5949		5949000		-32353		-1990
5950		5950000		-32353		-1990
5951		5951000		-32512		-2000
5952		5952000		-32064		-1972
5953		5953000		-32512		-2000
5954		5954000		-32512		-2000
5955		5955000		-32512		-2000
5956		5956000		-32353		-1990
5957		5957000		-32512		-2000
5958		5958000		-32512		-2000
5959		5959000		-32353		-1990
5960		5960000		-32353		-1990
5961		5961000		-32353		-1990
5962		5962000		-32353		-1990
5963		5963000		-32353		-1990
5964		5964000		-32512		-2000
5965		5965000		-32353		-1990
5966		5966000		-32353		-1990
5967		5967000		-32353		-1990
5968		5968000		-32353		-1990
5969		5969000		-32512		-2000
5970		5970000		-32353		-1990
5971		5971000		-32353		-1990
5972		5972000		-32353		-1990
5973		5973000		-32353		-1990
5974		5974000		-32512		-2000
5975		5975000		-32353		-1990
5976		5976000		-32353		-1990
5977		5977000		-32512		-2000
5978		5978000		-32353		-1990
5979		5979000		-32353		-1990
5980		5980000		-32353		-1990
5981		5981000		-32353		-1990
5982		5982000		-32353		-1990
5983		5983000		-32512		-2000
5984		5984000		-32353		-1990
5985		5985000		-32353		-1990
5986		5986000		-32512		-2000
5987		5987000		-32353		-1990
5988		5988000		-32353		-1990
5989		5989000		-32353		-1990
5990		5990000		-32353		-1990
5991		5991000		-32512		-2000
5992		5992000		-32353		-1990
5993		5993000		-32353		-1990
5994		5994000		-32353		-1990
5995		5995000		-32353		-1990
5996		5996000		-32512		-2000
5997		5997000		-32353		-1990
5998		5998000		-32353		-1990
5999		5999000		-32512		-2000
6000		6000000		-32353		-1990
6001		6001000		-32353		-1990
6002		6002000		-32512		-2000
6003		6003000		-32353		-1990
6004		6004000		-32353		-1990
6005		6005000		-32512		-2000
6006		6006000		-32512		-2000
6007		6007000		-32512		-2000
6008		6008000		-32512		-2000
6009		6009000		-32353		-1990
6010		6010000		-32512		-2000
6011		6011000		-32353		-1990
6012		6012000		-32512		-2000
6013		6013000		-32353		-1990
6014		6014000		-32353		-1990
6015		6015000		-32353		-1990
6016		6016000		-32353		-1990
6017		6017000		-32353		-1990
6018		6018000		-32512		-2000
6019		6019000		-32353		-1990
6020		6020000		-32353		-1990
6021		6021000		-32512		-2000
6022		6022000		-32353		-1990
6023		6023000		-32353		-1990
6024		6024000		-32353		-1990
6025		6025000		-32353		-1990
6026		6026000		-32512		-2000
6027		6027000		-32512		-2000
6028		6028000		-32353		-1990
6029		6029000		-32353		-1990
6030		6030000		-32353		-1990
6031		6031000		-32512		-2000
6032		6032000		-32353		-1990
6033		6033000		-32353		-1990
6034		6034000		-32353		-1990
6035		6035000		-32353		-1990
6036		6036000		-32353		-1990
6037		6037000		-32353		-1990
6038		6038000		-32353		-1990
6039		6039000		-32512		-2000
6040		6040000		-32353		-1990
6041		6041000		-32353		-1990
6042		6042000		-32353		-1990
6043		6043000		-32512		-2000
6044		6044000		-32353		-1990
6045		6045000		-32353		-1990
6046		6046000		-32353		-1990
6047		6047000		-32353		-1990
6048		6048000		-32353		-1990
6049		6049000		-32353		-1990
6050		6050000		-32353		-1990
6051		6051000		-32353		-1990
6052		6052000		-32353		-1990
6053		6053000		-32353		-1990
6054		6054000		-32064		-1972
6055		6055000		-32353		-1990
6056		6056000		-32353		-1990
6057		6057000		-32353		-1990
6058		6058000		-32353		-1990
6059		6059000		-32353		-1990
6060		6060000		-32353		-1990
6061		6061000		-32353		-1990
6062		6062000		-32353		-1990
6063		6063000		-32353		-1990
6064		6064000		-32512		-2000
6065		6065000		-32512		-2000
6066		6066000		-32353		-1990
6067		6067000		-32353		-1990
6068		6068000		-32353		-1990
6069		6069000		-32353		-1990
6070		6070000		-32353		-1990
6071		6071000		-32353		-1990
6072		6072000		-32353		-1990
6073		6073000		-32353		-1990
6074		6074000		-32353		-1990
6075		6075000		-32353		-1990
6076		6076000		-32353		-1990
6077		6077000		-32353		-1990
6078		6078000		-32512		-2000
6079		6079000		-32353		-1990
6080		6080000		-32353		-1990
6081		6081000		-32353		-1990
6082		6082000		-32353		-1990
6083		6083000		-32353		-1990
6084		6084000		-32353		-1990
6085		6085000		-32353		-1990
6086		6086000		-32353		-1990
6087		6087000		-32353		-1990
6088		6088000		-32353		-1990
6089		6089000		-32353		-1990
6090		6090000		-32353		-1990
6091		6091000		-32353		-1990
6092		6092000		-32353		-1990
6093		6093000		-32353		-1990
6094		6094000		-32353		-1990
6095		6095000		-32353		-1990
6096		6096000		-32353		-1990
6097		6097000		-32353		-1990
6098		6098000		-32353		-1990
6099		6099000		-32353		-1990
6100		6100000		-32353		-1990
6101		6101000		-32353		-1990
6102		6102000		-32353		-1990
6103		6103000		-32353		-1990
6104		6104000		-32353		-1990
6105		6105000		-32353		-1990
6106		6106000		-32353		-1990
6107		6107000		-32353		-1990
6108		6108000		-32353		-1990
6109		6109000		-32353		-1990
6110		6110000		-32353		-1990
6111		6111000		-32353		-1990
6112		6112000		-32353		-1990
6113		6113000		-32353		-1990
6114		6114000		-32353		-1990
6115		6115000		-32353		-1990
6116		6116000		-32353		-1990
6117		6117000		-32353		-1990
6118		6118000		-32353		-1990
6119		6119000		-32353		-1990
6120		6120000		-32353		-1990
6121		6121000		-32353		-1990
6122		6122000		-32353		-1990
6123		6123000		-32353		-1990
6124		6124000		-32353		-1990
6125		6125000		-32353		-1990
6126		6126000		-32064		-1972
6127		6127000		-32064		-1972
6128		6128000		-32353		-1990
6129		6129000		-32353		-1990
6130		6130000		-32064		-1972
6131		6131000		-32353		-1990
6132		6132000		-32353		-1990
6133		6133000		-32353		-1990
6134		6134000		-32353		-1990
6135		6135000		-32353		-1990
6136		6136000		-32353		-1990
6137		6137000		-32353		-1990
6138		6138000		-32353		-1990
6139		6139000		-32353		-1990
6140		6140000		-32353		-1990
6141		6141000		-32353		-1990
6142		6142000		-32353		-1990
6143		6143000		-32353		-1990
6144		6144000		-32353		-1990
6145		6145000		-32353		-1990
6146		6146000		-32353		-1990
6147		6147000		-32353		-1990
6148		6148000		-32353		-1990
6149		6149000		-32064		-1972
6150		6150000		-32353		-1990
6151		6151000		-32353		-1990
6152		6152000		-32353		-1990
6153		6153000		-32064		-1972
6154		6154000		-32512		-2000
6155		6155000		-32353		-1990
6156		6156000		-32353		-1990
6157		6157000		-32353		-1990
6158		6158000		-32353		-1990
6159		6159000		-32353		-1990
6160		6160000		-32353		-1990
6161		6161000		-32353		-1990
6162		6162000		-32353		-1990
6163		6163000		-32353		-1990
6164		6164000		-32353		-1990
6165		6165000		-32064		-1972
6166		6166000		-32353		-1990
6167		6167000		-32353		-1990
6168		6168000		-32353		-1990
6169		6169000		-32064		-1972
6170		6170000		-32353		-1990
6171		6171000		-32353		-1990
6172		6172000		-32353		-1990
6173		6173000		32512		2000
6174		6174000		32512		2000
6175		6175000		32512		2000
6176		6176000		32512		2000
6177		6177000		32512		2000
6178		6178000		32512		2000
6179		6179000		32512		2000
6180		6180000		32512		2000
6181		6181000		32512		2000
6182		6182000		32512		2000
6183		6183000		32512		2000
6184		6184000		32512		2000
6185		6185000		32512		2000
6186		6186000		32512		2000
6187		6187000		32512		2000
6188		6188000		32512		2000
6189		6189000		32512		2000
6190		6190000		32512		2000
6191		6191000		32512		2000
6192		6192000		32512		2000
6193		6193000		32512		2000
6194		6194000		32512		2000
6195		6195000		32512		2000
6196		6196000		32512		2000
6197		6197000		32512		2000
6198		6198000		32512		2000
6199		6199000		32512		2000
6200		6200000		32512		2000
6201		6201000		32512		2000
6202		6202000		32512		2000
6203		6203000		32512		2000
6204		6204000		32512		2000
6205		6205000		32512		2000
6206		6206000		32512		2000
6207		6207000		32512		2000
6208		6208000		32512		2000
6209		6209000		32512		2000
6210		6210000		32512		2000
6211		6211000		32512		2000
6212		6212000		32512		2000
6213		6213000		32512		2000
6214		6214000		32512		2000
6215		6215000		32512		2000
6216		6216000		32512		2000
6217		6217000		32512		2000
6218		6218000		32512		2000
6219		6219000		32512		2000
6220		6220000		32512		2000
6221		6221000		32512		2000
6222		6222000		32512		2000
6223		6223000		32353		1990
6224		6224000		32512		2000
6225		6225000		32512		2000
6226		6226000		32512		2000
6227		6227000		32512		2000
6228		6228000		32512		2000
6229		6229000		32512		2000
6230		6230000		32512		2000
6231		6231000		32512		2000
6232		6232000		32512		2000
6233		6233000		32512		2000
6234		6234000		32512		2000
6235		6235000		32512		2000
6236		6236000		32512		2000
6237		6237000		32512		2000
6238		6238000		32512		2000
6239		6239000		32512		2000
6240		6240000		32512		2000
6241		6241000		32512		2000
6242		6242000		32512		2000
6243		6243000		32512		2000
6244		6244000		32512		2000
6245		6245000		32512		2000
6246		6246000		32512		2000
6247		6247000		32512		2000
6248		6248000		32512		2000
6249		6249000		32512		2000
6250		6250000		32512		2000
6251		6251000		32512		2000
6252		6252000		32512		2000
6253		6253000		32512		2000
6254		6254000		32512		2000
6255		6255000		32512		2000
6256		6256000		32512		2000
6257		6257000		32512		2000
6258		6258000		32512		2000
6259		6259000		32512		2000
6260		6260000		32512		2000
6261		6261000		32512		2000
6262		6262000		32512		2000
6263		6263000		32512		2000
6264		6264000		32512		2000
6265		6265000		32512		2000
6266		6266000		32512		2000
6267		6267000		32512		2000
6268		6268000		32512		2000
6269		6269000		32512		2000
6270		6270000		32512		2000
6271		6271000		32512		2000
6272		6272000		32512		2000
6273		6273000		32512		2000
6274		6274000		32512		2000
6275		6275000		32512		2000
6276		6276000		32512		2000
6277		6277000		32512		2000
6278		6278000		32512		2000
6279		6279000		32512		2000
6280		6280000		32512		2000
6281		6281000		32512		2000
6282		6282000		32512		2000
6283		6283000		32512		2000
6284		6284000		32512		2000
6285		6285000		32512		2000
6286		6286000		32512		2000
6287		6287000		32512		2000
6288		6288000		32353		1990
6289		6289000		32512		2000
6290		6290000		32512		2000
6291		6291000		32512		2000
6292		6292000		32512		2000
6293		6293000		32512		2000
6294		6294000		32512		2000
6295		6295000		32512		2000
6296		6296000		32512		2000
6297		6297000		32512		2000
6298		6298000		32512		2000
6299		6299000		32512		2000
6300		6300000		32512		2000
6301		6301000		32512		2000
6302		6302000		32512		2000
6303		6303000		32512		2000
6304		6304000		32512		2000
6305		6305000		32512		2000
6306		6306000		32512		2000
6307		6307000		32512		2000
6308		6308000		32512		2000
6309		6309000		32512		2000
6310		6310000		32512		2000
6311		6311000		32512		2000
6312		6312000		32512		2000
6313		6313000		32512		2000
6314		6314000		32512		2000
6315		6315000		32512		2000
6316		6316000		32512		2000
6317		6317000		32512		2000
6318		6318000		32512		2000
6319		6319000		32512		2000
6320		6320000		32512		2000
6321		6321000		32512		2000
6322		6322000		32512		2000
6323		6323000		32512		2000
6324		6324000		32512		2000
6325		6325000		32512		2000
6326		6326000		32512		2000
6327		6327000		32512		2000
6328		6328000		32512		2000
6329		6329000		32512		2000
6330		6330000		32512		2000
6331		6331000		32512		2000
6332		6332000		32512		2000
6333		6333000		32512		2000
6334		6334000		32512		2000
6335		6335000		32512		2000
6336		6336000		32512		2000
6337		6337000		32512		2000
6338		6338000		32512		2000
6339		6339000		32512		2000
6340		6340000		32512		2000
6341		6341000		32512		2000
6342		6342000		32512		2000
6343		6343000		32512		2000
6344		6344000		32512		2000
6345		6345000		32512		2000
6346		6346000		32512		2000
6347		6347000		32512		2000
6348		6348000		32512		2000
6349		6349000		32512		2000
6350		6350000		32512		2000
6351		6351000		32512		2000
6352		6352000		32512		2000
6353		6353000		32512		2000
6354		6354000		32512		2000
6355		6355000		32512		2000
6356		6356000		32512		2000
6357		6357000		32512		2000
6358		6358000		32512		2000
6359		6359000		32512		2000
6360		6360000		32512		2000
6361		6361000		32512		2000
6362		6362000		32512		2000
6363		6363000		32512		2000
6364		6364000		32512		2000
6365		6365000		32353		1990
6366		6366000		32512		2000
6367		6367000		32512		2000
6368		6368000		32512		2000
6369		6369000		32512		2000
6370		6370000		32512		2000
6371		6371000		32512		2000
6372		6372000		32512		2000
6373		6373000		32512		2000
6374		6374000		32512		2000
6375		6375000		32512		2000
6376		6376000		32512		2000
6377		6377000		32512		2000
6378		6378000		32512		2000
6379		6379000		32512		2000
6380		6380000		32512		2000
6381		6381000		32512		2000
6382		6382000		32512		2000
6383		6383000		32512		2000
6384		6384000		32512		2000
6385		6385000		32512		2000
6386		6386000		32512		2000
6387		6387000		32512		2000
6388		6388000		32512		2000
6389		6389000		32512		2000
6390		6390000		32512		2000
6391		6391000		32512		2000
6392		6392000		32512		2000
6393		6393000		32512		2000
6394		6394000		32512		2000
6395		6395000		32512		2000
6396		6396000		32512		2000
6397		6397000		32512		2000
6398		6398000		32512		2000
6399		6399000		32512		2000
6400		6400000		32512		2000
6401		6401000		32512		2000
6402		6402000		32512		2000
6403		6403000		32512		2000
6404		6404000		32512		2000
6405		6405000		32512		2000
6406		6406000		32512		2000
6407		6407000		32512		2000
6408		6408000		32512		2000
6409		6409000		32512		2000
6410		6410000		32512		2000
6411		6411000		32512		2000
6412		6412000		32512		2000
6413		6413000		32512		2000
6414		6414000		32512		2000
6415		6415000		32512		2000
6416		6416000		32512		2000
6417		6417000		32512		2000
6418		6418000		32512		2000
6419		6419000		32512		2000
6420		6420000		32512		2000
6421		6421000		32512		2000
6422		6422000		32512		2000
6423		6423000		32512		2000
6424		6424000		32512		2000
6425		6425000		32512		2000
6426		6426000		32512		2000
6427		6427000		32512		2000
6428		6428000		32512		2000
6429		6429000		32512		2000
6430		6430000		32512		2000
6431		6431000		32512		2000
6432		6432000		32512		2000
6433		6433000		32512		2000
6434		6434000		32512		2000
6435		6435000		32512		2000
6436		6436000		32512		2000
6437		6437000		32512		2000
6438		6438000		32512		2000
6439		6439000		32512		2000
6440		6440000		32512		2000
6441		6441000		32512		2000
6442		6442000		32512		2000
6443		6443000		32512		2000
6444		6444000		32512		2000
6445		6445000		32512		2000
6446		6446000		32512		2000
6447		6447000		32512		2000
6448		6448000		32512		2000
6449		6449000		32512		2000
6450		6450000		32512		2000
6451		6451000		32512		2000
6452		6452000		32512		2000
6453		6453000		32512		2000
6454		6454000		32353		1990
6455		6455000		32512		2000
6456		6456000		32512		2000
6457		6457000		32353		1990
6458		6458000		32512		2000
6459		6459000		32512		2000
6460		6460000		32512		2000
6461		6461000		32512		2000
6462		6462000		32512		2000
6463		6463000		32512		2000
6464		6464000		32512		2000
6465		6465000		32512		2000
6466		6466000		32512		2000
6467		6467000		32512		2000
6468		6468000		32512		2000
6469		6469000		32512		2000
6470		6470000		32512		2000
6471		6471000		32512		2000
6472		6472000		32512		2000
6473		6473000		32512		2000
6474		6474000		32512		2000
6475		6475000		32512		2000
6476		6476000		32512		2000
6477		6477000		32512		2000
6478		6478000		32512		2000
6479		6479000		32512		2000
6480		6480000		32512		2000
6481		6481000		32512		2000
6482		6482000		32512		2000
6483		6483000		32512		2000
6484		6484000		32512		2000
6485		6485000		32512		2000
6486		6486000		32512		2000
6487		6487000		32512		2000
6488		6488000		32512		2000
6489		6489000		32512		2000
6490		6490000		32512		2000
6491		6491000		32512		2000
6492		6492000		32512		2000
6493		6493000		32512		2000
6494		6494000		32512		2000
6495		6495000		32512		2000
6496		6496000		32512		2000
6497		6497000		32512		2000
6498		6498000		32512		2000
6499		6499000		32353		1990
6500		6500000		32512		2000
6501		6501000		32512		2000
6502		6502000		32512		2000
6503		6503000		32512		2000
6504		6504000		32512		2000
6505		6505000		32512		2000
6506		6506000		32512		2000
6507		6507000		32512		2000
6508		6508000		32512		2000
6509		6509000		32512		2000
6510		6510000		32512		2000
6511		6511000		32512		2000
6512		6512000		32512		2000
6513		6513000		32512		2000
6514		6514000		32512		2000
6515		6515000		32512		2000
6516		6516000		32512		2000
6517		6517000		32512		2000
6518		6518000		32512		2000
6519		6519000		32512		2000
6520		6520000		32512		2000
6521		6521000		32512		2000
6522		6522000		32512		2000
6523		6523000		32512		2000
6524		6524000		32512		2000
6525		6525000		32512		2000
6526		6526000		32512		2000
6527		6527000		32512		2000
6528		6528000		32512		2000
6529		6529000		32512		2000
6530		6530000		32512		2000
6531		6531000		32512		2000
6532		6532000		32512		2000
6533		6533000		32512		2000
6534		6534000		32512		2000
6535		6535000		32512		2000
6536		6536000		32512		2000
6537		6537000		32512		2000
6538		6538000		32512		2000
6539		6539000		32512		2000
6540		6540000		32512		2000
6541		6541000		32512		2000
6542		6542000		32353		1990
6543		6543000		32512		2000
6544		6544000		32512		2000
6545		6545000		32512		2000
6546		6546000		32512		2000
6547		6547000		32512		2000
6548		6548000		32512		2000
6549		6549000		32512		2000
6550		6550000		32512		2000
6551		6551000		32512		2000
6552		6552000		32512		2000
6553		6553000		32512		2000
6554		6554000		32512		2000
6555		6555000		32512		2000
6556		6556000		32512		2000
6557		6557000		32512		2000
6558		6558000		32512		2000
6559		6559000		32512		2000
6560		6560000		32512		2000
6561		6561000		32512		2000
6562		6562000		32353		1990
6563		6563000		32353		1990
6564		6564000		32512		2000
6565		6565000		32512		2000
6566		6566000		32512		2000
6567		6567000		32353		1990
6568		6568000		32353		1990
6569		6569000		32512		2000
6570		6570000		32512		2000
6571		6571000		32353		1990
6572		6572000		32512		2000
6573		6573000		32512		2000
6574		6574000		32512		2000
6575		6575000		32512		2000
6576		6576000		32353		1990
6577		6577000		32353		1990
6578		6578000		32512		2000
6579		6579000		32512		2000
6580		6580000		32512		2000
6581		6581000		32512		2000
6582		6582000		32512		2000
6583		6583000		32512		2000
6584		6584000		32512		2000
6585		6585000		32512		2000
6586		6586000		32512		2000
6587		6587000		32512		2000
6588		6588000		32512		2000
6589		6589000		32353		1990
6590		6590000		32512		2000
6591		6591000		32512		2000
6592		6592000		32512		2000
6593		6593000		32353		1990
6594		6594000		32512		2000
6595		6595000		32512		2000
6596		6596000		32512		2000
6597		6597000		32512		2000
6598		6598000		32512		2000
6599		6599000		32512		2000
6600		6600000		32512		2000
6601		6601000		32512		2000
6602		6602000		32512		2000
6603		6603000		32353		1990
6604		6604000		32353		1990
6605		6605000		32512		2000
6606		6606000		32512		2000
6607		6607000		32512		2000
6608		6608000		32512		2000
6609		6609000		32512		2000
6610		6610000		32512		2000
6611		6611000		32353		1990
6612		6612000		32512		2000
6613		6613000		32512		2000
6614		6614000		32512		2000
6615		6615000		32512		2000
6616		6616000		32512		2000
6617		6617000		32512		2000
6618		6618000		32512		2000
6619		6619000		32512		2000
6620		6620000		32512		2000
6621		6621000		32512		2000
6622		6622000		32512		2000
6623		6623000		32512		2000
6624		6624000		32512		2000
6625		6625000		32512		2000
6626		6626000		32512		2000
6627		6627000		32353		1990
6628		6628000		32512		2000
6629		6629000		32512		2000
6630		6630000		32512		2000
6631		6631000		32512		2000
6632		6632000		32512		2000
6633		6633000		32512		2000
6634		6634000		32512		2000
6635		6635000		32353		1990
6636		6636000		32353		1990
6637		6637000		32353		1990
6638		6638000		32512		2000
6639		6639000		32512		2000
6640		6640000		32512		2000
6641		6641000		32353		1990
6642		6642000		32512		2000
6643		6643000		32512		2000
6644		6644000		32353		1990
6645		6645000		32353		1990
6646		6646000		32353		1990
6647		6647000		32512		2000
6648		6648000		32512		2000
6649		6649000		32512		2000
6650		6650000		32512		2000
6651		6651000		32512		2000
6652		6652000		32512		2000
6653		6653000		32512		2000
6654		6654000		32512		2000
6655		6655000		32512		2000
6656		6656000		32512		2000
6657		6657000		32512		2000
6658		6658000		32512		2000
6659		6659000		32512		2000
6660		6660000		32512		2000
6661		6661000		32512		2000
6662		6662000		32512		2000
6663		6663000		32512		2000
6664		6664000		32512		2000
6665		6665000		32512		2000
6666		6666000		32353		1990
6667		6667000		32512		2000
6668		6668000		32512		2000
6669		6669000		32353		1990
6670		6670000		32512		2000
6671		6671000		32512		2000
6672		6672000		32512		2000
6673		6673000		-32512		-2000
6674		6674000		-32353		-1990
6675		6675000		-32353		-1990
6676		6676000		-32353		-1990
6677		6677000		-32353		-1990
6678		6678000		-32353		-1990
6679		6679000		-32353		-1990
6680		6680000		-32353		-1990
6681		6681000		-32512		-2000
6682		6682000		-32512		-2000
6683		6683000		-32353		-1990
6684		6684000		-32512		-2000
6685		6685000		-32512		-2000
6686		6686000		-32512		-2000
6687		6687000		-32512		-2000
6688		6688000		-32512		-2000
6689		6689000		-32512		-2000
6690		6690000		-32353		-1990
6691		6691000		-32512		-2000
6692		6692000		-32353		-1990
6693		6693000		-32512		-2000
6694		6694000		-32512		-2000
6695		6695000		-32512		-2000
6696		6696000		-32512		-2000
6697		6697000		-32512		-2000
6698		6698000		-32353		-1990
6699		6699000		-32512		-2000
6700		6700000		-32512		-2000
6701		6701000		-32353		-1990
6702		6702000		-32353		-1990
6703		6703000		-32512		-2000
6704		6704000		-32512		-2000
6705		6705000		-32353		-1990
6706		6706000		-32353		-1990
6707		6707000		-32353		-1990
6708		6708000		-32353		-1990
6709		6709000		-32353		-1990
6710		6710000		-32353		-1990
6711		6711000		-32353		-1990
6712		6712000		-32512		-2000
6713		6713000		-32512		-2000
6714		6714000		-32353		-1990
6715		6715000		-32512		-2000
6716		6716000		-32512		-2000
6717		6717000		-32353		-1990
6718		6718000		-32353		-1990
6719		6719000		-32512		-2000
6720		6720000		-32353		-1990
6721		6721000		-32512		-2000
6722		6722000		-32512		-2000
6723		6723000		-32353		-1990
6724		6724000		-32512		-2000
6725		6725000		-32353		-1990
6726		6726000		-32353		-1990
6727		6727000		-32353		-1990
6728		6728000		-32353		-1990
6729		6729000		-32512		-2000
6730		6730000		-32353		-1990
6731		6731000		-32353		-1990
6732		6732000		-32353		-1990
6733		6733000		-32353		-1990
6734		6734000		-32353		-1990
6735		6735000		-32353		-1990
6736		6736000		-32353		-1990
6737		6737000		-32353		-1990
6738		6738000		-32353		-1990
6739		6739000		-32512		-2000
6740		6740000		-32353		-1990
6741		6741000		-32353		-1990
6742		6742000		-32512		-2000
6743		6743000		-32353		-1990
6744		6744000		-32512		-2000
6745		6745000		-32353		-1990
6746		6746000		-32353		-1990
6747		6747000		-32353		-1990
6748		6748000		-32353		-1990
6749		6749000		-32353		-1990
6750		6750000		-32353		-1990
6751		6751000		-32353		-1990
6752		6752000		-32353		-1990
6753		6753000		-32353		-1990
6754		6754000		-32353		-1990
6755		6755000		-32353		-1990
6756		6756000		-32353		-1990
6757		6757000		-32353		-1990
6758		6758000		-32353		-1990
6759		6759000		-32353		-1990
6760		6760000		-32353		-1990
6761		6761000		-32512		-2000
6762		6762000		-32353		-1990
6763		6763000		-32353		-1990
6764		6764000		-32512		-2000
6765		6765000		-32353		-1990
6766		6766000		-32353		-1990
6767		6767000		-32353		-1990
6768		6768000		-32353		-1990
6769		6769000		-32512		-2000
6770		6770000		-32353		-1990
6771		6771000		-32353		-1990
6772		6772000		-32353		-1990
6773		6773000		-32353		-1990
6774		6774000		-32353		-1990
6775		6775000		-32353		-1990
6776		6776000		-32353		-1990
6777		6777000		-32353		-1990
6778		6778000		-32353		-1990
6779		6779000		-32353		-1990
6780		6780000		-32353		-1990
6781		6781000		-32353		-1990
6782		6782000		-32353		-1990
6783		6783000		-32353		-1990
6784		6784000		-32353		-1990
6785		6785000		-32353		-1990
6786		6786000		-32353		-1990
6787		6787000		-32353		-1990
6788		6788000		-32353		-1990
6789		6789000		-32353		-1990
6790		6790000		-32353		-1990
6791		6791000		-32353		-1990
6792		6792000		-32353		-1990
6793		6793000		-32353		-1990
6794		6794000		-32353		-1990
6795		6795000		-32512		-2000
6796		6796000		-32353		-1990
6797		6797000		-32353		-1990
6798		6798000		-32353		-1990
6799		6799000		-32353		-1990
6800		6800000		-32353		-1990
6801		6801000		-32353		-1990
6802		6802000		-32353		-1990
6803		6803000		-32353		-1990
6804		6804000		-32353		-1990
6805		6805000		-32064		-1972
6806		6806000		-32353		-1990
6807		6807000		-32353		-1990
6808		6808000		-32353		-1990
6809		6809000		-32512		-2000
6810		6810000		-32353		-1990
6811		6811000		-32353		-1990
6812		6812000		-32353		-1990
6813		6813000		-32353		-1990
6814		6814000		-32353		-1990
6815		6815000		-32353		-1990
6816		6816000		-32353		-1990
6817		6817000		-32353		-1990
6818		6818000		-32353		-1990
6819		6819000		-32064		-1972
6820		6820000		-32353		-1990
6821		6821000		-32353		-1990
6822		6822000		-32353		-1990
6823		6823000		-32353		-1990
6824		6824000		-32353		-1990
6825		6825000		-32353		-1990
6826		6826000		-32353		-1990
6827		6827000		-32353		-1990
6828		6828000		-32353		-1990
6829		6829000		-32353		-1990
6830		6830000		-32353		-1990
6831		6831000		-32512		-2000
6832		6832000		-32353		-1990
6833		6833000		-32353		-1990
6834		6834000		-32353		-1990
6835		6835000		-32353		-1990
6836		6836000		-32353		-1990
6837		6837000		-32512		-2000
6838		6838000		-32353		-1990
6839		6839000		-32353		-1990
6840		6840000		-32353		-1990
6841		6841000		-32353		-1990
6842		6842000		-32353		-1990
6843		6843000		-32353		-1990
6844		6844000		-32353		-1990
6845		6845000		-32353		-1990
6846		6846000		-32353		-1990
6847		6847000		-32353		-1990
6848		6848000		-32353		-1990
6849		6849000		-32353		-1990
6850		6850000		-32353		-1990
6851		6851000		-32512		-2000
6852		6852000		-32512		-2000
6853		6853000		-32512		-2000
6854		6854000		-32064		-1972
6855		6855000		-32353		-1990
6856		6856000		-32353		-1990
6857		6857000		-32512		-2000
6858		6858000		-32353		-1990
6859		6859000		-32353		-1990
6860		6860000		-32353		-1990
6861		6861000		-32353		-1990
6862		6862000		-32064		-1972
6863		6863000		-32353		-1990
6864		6864000		-32353		-1990
6865		6865000		-32353		-1990
6866		6866000		-32353		-1990
6867		6867000		-32353		-1990
6868		6868000		-32353		-1990
6869		6869000		-32353		-1990
6870		6870000		-32353		-1990
6871		6871000		-32353		-1990
6872		6872000		-32512		-2000
6873		6873000		-32353		-1990
6874		6874000		-32353		-1990
6875		6875000		-32353		-1990
6876		6876000		-32353		-1990
6877		6877000		-32353		-1990
6878		6878000		-32353		-1990
6879		6879000		-32353		-1990
6880		6880000		-32353		-1990
6881		6881000		-32353		-1990
6882		6882000		-32512		-2000
6883		6883000		-32353		-1990
6884		6884000		-32353		-1990
6885		6885000		-32353		-1990
6886		6886000		-32353		-1990
6887		6887000		-32353		-1990
6888		6888000		-32353		-1990
6889		6889000		-32353		-1990
6890		6890000		-32353		-1990
6891		6891000		-32353		-1990
6892		6892000		-32353		-1990
6893		6893000		-32064		-1972
6894		6894000		-32353		-1990
6895		6895000		-32353		-1990
6896		6896000		-32353		-1990
6897		6897000		-32353		-1990
6898		6898000		-32353		-1990
6899		6899000		-32353		-1990
6900		6900000		-32353		-1990
6901		6901000		-32353		-1990
6902		6902000		-32353		-1990
6903		6903000		-32512		-2000
6904		6904000		-32353		-1990
6905		6905000		-32064		-1972
6906		6906000		-32353		-1990
6907		6907000		-32353		-1990
6908		6908000		-32353		-1990
6909		6909000		-32353		-1990
6910		6910000		-32353		-1990
6911		6911000		-32353		-1990
6912		6912000		-32064		-1972
6913		6913000		-32353		-1990
6914		6914000		-32353		-1990
6915		6915000		-32353		-1990
6916		6916000		-32353		-1990
6917		6917000		-32353		-1990
6918		6918000		-32353		-1990
6919		6919000		-32353		-1990
6920		6920000		-32353		-1990
6921		6921000		-32064		-1972
6922		6922000		-32064		-1972
6923		6923000		-32353		-1990
6924		6924000		-32353		-1990
6925		6925000		-32353		-1990
6926		6926000		-32353		-1990
6927		6927000		-32353		-1990
6928		6928000		-32353		-1990
6929		6929000		-32353		-1990
6930		6930000		-32064		-1972
6931		6931000		-32353		-1990
6932		6932000		-32064		-1972
6933		6933000		-32353		-1990
6934		6934000		-32353		-1990
6935		6935000		-32064		-1972
6936		6936000		-32353		-1990
6937		6937000		-32353		-1990
6938		6938000		-32353		-1990
6939		6939000		-32353		-1990
6940		6940000		-32353		-1990
6941		6941000		-32353		-1990
6942		6942000		-32353		-1990
6943		6943000		-32353		-1990
6944		6944000		-32353		-1990
6945		6945000		-32353		-1990
6946		6946000		-32353		-1990
6947		6947000		-32353		-1990
6948		6948000		-32353		-1990
6949		6949000		-32353		-1990
6950		6950000		-32353		-1990
6951		6951000		-32353		-1990
6952		6952000		-31775		-1954
6953		6953000		-32353		-1990
6954		6954000		-32353		-1990
6955		6955000		-32353		-1990
6956		6956000		-32353		-1990
6957		6957000		-32353		-1990
6958		6958000		-32353		-1990
6959		6959000		-32064		-1972
6960		6960000		-32353		-1990
6961		6961000		-32353		-1990
6962		6962000		-32064		-1972
6963		6963000		-32353		-1990
6964		6964000		-32353		-1990
6965		6965000		-32353		-1990
6966		6966000		-32064		-1972
6967		6967000		-32353		-1990
6968		6968000		-32353		-1990
6969		6969000		-32064		-1972
6970		6970000		-32353		-1990
6971		6971000		-32353		-1990
6972		6972000		-32064		-1972
6973		6973000		-32353		-1990
6974		6974000		-32353		-1990
6975		6975000		-32353		-1990
6976		6976000		-32353		-1990
6977		6977000		-32064		-1972
6978		6978000		-32064		-1972
6979		6979000		-32353		-1990
6980		6980000		-32353		-1990
6981		6981000		-32353		-1990
6982		6982000		-32353		-1990
6983		6983000		-32353		-1990
6984		6984000		-32064		-1972
6985		6985000		-32353		-1990
6986		6986000		-32064		-1972
6987		6987000		-32353		-1990
6988		6988000		-32353		-1990
6989		6989000		-32353		-1990
6990		6990000		-32353		-1990
6991		6991000		-32353		-1990
6992		6992000		-32353		-1990
6993		6993000		-32064		-1972
6994		6994000		-32353		-1990
6995		6995000		-32353		-1990
6996		6996000		-32353		-1990
6997		6997000		-32353		-1990
6998		6998000		-32064		-1972
6999		6999000		-32064		-1972
7000		7000000		-32353		-1990
7001		7001000		-32353		-1990
7002		7002000		-32353		-1990
7003		7003000		-32353		-1990
7004		7004000		-32353		-1990
7005		7005000		-32353		-1990
7006		7006000		-32353		-1990
7007		7007000		-32353		-1990
7008		7008000		-32353		-1990
7009		7009000		-32353		-1990
7010		7010000		-32353		-1990
7011		7011000		-32353		-1990
7012		7012000		-32353		-1990
7013		7013000		-32353		-1990
7014		7014000		-32353		-1990
7015		7015000		-32353		-1990
7016		7016000		-32064		-1972
7017		7017000		-32353		-1990
7018		7018000		-32353		-1990
7019		7019000		-32064		-1972
7020		7020000		-32353		-1990
7021		7021000		-32064		-1972
7022		7022000		-32064		-1972
7023		7023000		-32353		-1990
7024		7024000		-32353		-1990
7025		7025000		-32353		-1990
7026		7026000		-32353		-1990
7027		7027000		-32353		-1990
7028		7028000		-32353		-1990
7029		7029000		-32064		-1972
7030		7030000		-32064		-1972
7031		7031000		-32353		-1990
7032		7032000		-32353		-1990
7033		7033000		-32353		-1990
7034		7034000		-32353		-1990
7035		7035000		-32064		-1972
7036		7036000		-32064		-1972
7037		7037000		-32064		-1972
7038		7038000		-32353		-1990
7039		7039000		-32353		-1990
7040		7040000		-32064		-1972
7041		7041000		-32353		-1990
7042		7042000		-32353		-1990
7043		7043000		-32353		-1990
7044		7044000		-32064		-1972
7045		7045000		-32064		-1972
7046		7046000		-32353		-1990
7047		7047000		-32353		-1990
7048		7048000		-32353		-1990
7049		7049000		-32353		-1990
7050		7050000		-32064		-1972
7051		7051000		-32353		-1990
7052		7052000		-32353		-1990
7053		7053000		-32353		-1990
7054		7054000		-32353		-1990
7055		7055000		-32353		-1990
7056		7056000		-32353		-1990
7057		7057000		-32353		-1990
7058		7058000		-32353		-1990
7059		7059000		-32353		-1990
7060		7060000		-32353		-1990
7061		7061000		-32512		-2000
7062		7062000		-32353		-1990
7063		7063000		-32064		-1972
7064		7064000		-32353		-1990
7065		7065000		-32353		-1990
7066		7066000		-32353		-1990
7067		7067000		-32353		-1990
7068		7068000		-32353		-1990
7069		7069000		-32353		-1990
7070		7070000		-32353		-1990
7071		7071000		-32512		-2000
7072		7072000		-32353		-1990
7073		7073000		-32353		-1990
7074		7074000		-32353		-1990
7075		7075000		-32064		-1972
7076		7076000		-32353		-1990
7077		7077000		-32353		-1990
7078		7078000		-32353		-1990
7079		7079000		-32353		-1990
7080		7080000		-32512		-2000
7081		7081000		-32353		-1990
7082		7082000		-32512		-2000
7083		7083000		-32353		-1990
7084		7084000		-32512		-2000
7085		7085000		-32512		-2000
7086		7086000		-32353		-1990
7087		7087000		-32353		-1990
7088		7088000		-32353		-1990
7089		7089000		-32353		-1990
7090		7090000		-32353		-1990
7091		7091000		-32512		-2000
7092		7092000		-32353		-1990
7093		7093000		-32353		-1990
7094		7094000		-32353		-1990
7095		7095000		-32353		-1990
7096		7096000		-32512		-2000
7097		7097000		-32353		-1990
7098		7098000		-32353		-1990
7099		7099000		-32353		-1990
7100		7100000		-32353		-1990
7101		7101000		-32353		-1990
7102		7102000		-32353		-1990
7103		7103000		-32353		-1990
7104		7104000		-32353		-1990
7105		7105000		-32353		-1990
7106		7106000		-32353		-1990
7107		7107000		-32353		-1990
7108		7108000		-32353		-1990
7109		7109000		-32512		-2000
7110		7110000		-32512		-2000
7111		7111000		-32512		-2000
7112		7112000		-32512		-2000
7113		7113000		-32353		-1990
7114		7114000		-32353		-1990
7115		7115000		-32512		-2000
7116		7116000		-32353		-1990
7117		7117000		-32353		-1990
7118		7118000		-32512		-2000
7119		7119000		-32512		-2000
7120		7120000		-32353		-1990
7121		7121000		-32512		-2000
7122		7122000		-32512		-2000
7123		7123000		-32353		-1990
7124		7124000		-32353		-1990
7125		7125000		-32353		-1990
7126		7126000		-32353		-1990
7127		7127000		-32353		-1990
7128		7128000		-32353		-1990
7129		7129000		-32353		-1990
7130		7130000		-32353		-1990
7131		7131000		-32353		-1990
7132		7132000		-32353		-1990
7133		7133000		-32512		-2000
7134		7134000		-32353		-1990
7135		7135000		-32512		-2000
7136		7136000		-32353		-1990
7137		7137000		-32512		-2000
7138		7138000		-32353		-1990
7139		7139000		-32353		-1990
7140		7140000		-32353		-1990
7141		7141000		-32512		-2000
7142		7142000		-32353		-1990
7143		7143000		-32353		-1990
7144		7144000		-32512		-2000
7145		7145000		-32353		-1990
7146		7146000		-32353		-1990
7147		7147000		-32353		-1990
7148		7148000		-32353		-1990
7149		7149000		-32353		-1990
7150		7150000		-32353		-1990
7151		7151000		-32353		-1990
7152		7152000		-32353		-1990
7153		7153000		-32353		-1990
7154		7154000		-32353		-1990
7155		7155000		-32512		-2000
7156		7156000		-32353		-1990
7157		7157000		-32512		-2000
7158		7158000		-32353		-1990
7159		7159000		-32512		-2000
7160		7160000		-32512		-2000
7161		7161000		-32353		-1990
7162		7162000		-32353		-1990
7163		7163000		-32353		-1990
7164		7164000		-32512		-2000
7165		7165000		-32353		-1990
7166		7166000		-32353		-1990
7167		7167000		-32353		-1990
7168		7168000		-32064		-1972
7169		7169000		-32353		-1990
7170		7170000		-32353		-1990
7171		7171000		-32353		-1990
7172		7172000		-32353		-1990
7173		7173000		32512		2000
7174		7174000		32512		2000
7175		7175000		32512		2000
7176		7176000		32353		1990
7177		7177000		32512		2000
7178		7178000		32512		2000
7179		7179000		32512		2000
7180		7180000		32512		2000
7181		7181000		32512		2000
7182		7182000		32512		2000
7183		7183000		32512		2000
7184		7184000		32512		2000
7185		7185000		32512		2000
7186		7186000		32512		2000
7187		7187000		32512		2000
7188		7188000		32512		2000
7189		7189000		32512		2000
7190		7190000		32512		2000
7191		7191000		32512		2000
7192		7192000		32512		2000
7193		7193000		32512		2000
7194		7194000		32512		2000
7195		7195000		32512		2000
7196		7196000		32512		2000
7197		7197000		32512		2000
7198		7198000		32512		2000
7199		7199000		32512		2000
7200		7200000		32512		2000
7201		7201000		32512		2000
7202		7202000		32512		2000
7203		7203000		32512		2000
7204		7204000		32512		2000
7205		7205000		32512		2000
7206		7206000		32512		2000
7207		7207000		32512		2000
7208		7208000		32512		2000
7209		7209000		32512		2000
7210		7210000		32512		2000
7211		7211000		32512		2000
7212		7212000		32512		2000
7213		7213000		32512		2000
7214		7214000		32512		2000
7215		7215000		32512		2000
7216		7216000		32512		2000
7217		7217000		32512		2000
7218		7218000		32512		2000
7219		7219000		32512		2000
7220		7220000		32512		2000
7221		7221000		32512		2000
7222		7222000		32512		2000
7223		7223000		32512		2000
7224		7224000		32512		2000
7225		7225000		32512		2000
7226		7226000		32512		2000
7227		7227000		32512		2000
7228		7228000		32512		2000
7229		7229000		32512		2000
7230		7230000		32512		2000
7231		7231000		32512		2000
7232		7232000		32512		2000
7233		7233000		32512		2000
7234		7234000		32512		2000
7235		7235000		32512		2000
7236		7236000		32512		2000
7237		7237000		32512		2000
7238		7238000		32512		2000
7239		7239000		32512		2000
7240		7240000		32512		2000
7241		7241000		32512		2000
7242		7242000		32512		2000
7243		7243000		32512		2000
7244		7244000		32512		2000
7245		7245000		32512		2000
7246		7246000		32512		2000
7247		7247000		32512		2000
7248		7248000		32512		2000
7249		7249000		32512		2000
7250		7250000		32512		2000
7251		7251000		32512		2000
7252		7252000		32512		2000
7253		7253000		32512		2000
7254		7254000		32512		2000
7255		7255000		32512		2000
7256		7256000		32512		2000
7257		7257000		32512		2000
7258		7258000		32512		2000
7259		7259000		32512		2000
7260		7260000		32512		2000
7261		7261000		32512		2000
7262		7262000		32512		2000
7263		7263000		32512		2000
7264		7264000		32512		2000
7265		7265000		32512		2000
7266		7266000		32512		2000
7267		7267000		32512		2000
7268		7268000		32512		2000
7269		7269000		32512		2000
7270		7270000		32512		2000
7271		7271000		32512		2000
7272		7272000		32512		2000
7273		7273000		32512		2000
7274		7274000		32512		2000
7275		7275000		32512		2000
7276		7276000		32512		2000
7277		7277000		32512		2000
7278		7278000		32512		2000
7279		7279000		32512		2000
7280		7280000		32512		2000
7281		7281000		32512		2000
7282		7282000		32353		1990
7283		7283000		32512		2000
7284		7284000		32512		2000
7285		7285000		32512		2000
7286		7286000		32512		2000
7287		7287000		32512		2000
7288		7288000		32512		2000
7289		7289000		32512		2000
7290		7290000		32512		2000
7291		7291000		32512		2000
7292		7292000		32512		2000
7293		7293000		32512		2000
7294		7294000		32512		2000
7295		7295000		32512		2000
7296		7296000		32512		2000
7297		7297000		32512		2000
7298		7298000		32512		2000
7299		7299000		32512		2000
7300		7300000		32512		2000
7301		7301000		32353		1990
7302		7302000		32512		2000
7303		7303000		32512		2000
7304		7304000		32512		2000
7305		7305000		32512		2000
7306		7306000		32512		2000
7307		7307000		32512		2000
7308		7308000		32512		2000
7309		7309000		32512		2000
7310		7310000		32512		2000
7311		7311000		32512		2000
7312		7312000		32512		2000
7313		7313000		32512		2000
7314		7314000		32512		2000
7315		7315000		32512		2000
7316		7316000		32512		2000
7317		7317000		32512		2000
7318		7318000		32512		2000
7319		7319000		32353		1990
7320		7320000		32512		2000
7321		7321000		32512		2000
7322		7322000		32512		2000
7323		7323000		32512		2000
7324		7324000		32512		2000
7325		7325000		32512		2000
7326		7326000		32512		2000
7327		7327000		32512		2000
7328		7328000		32512		2000
7329		7329000		32512		2000
7330		7330000		32512		2000
7331		7331000		32512		2000
7332		7332000		32512		2000
7333		7333000		32512		2000
7334		7334000		32353		1990
7335		7335000		32512		2000
7336		7336000		32512		2000
7337		7337000		32512		2000
7338		7338000		32512		2000
7339		7339000		32512		2000
7340		7340000		32512		2000
7341		7341000		32512		2000
7342		7342000		32512		2000
7343		7343000		32512		2000
7344		7344000		32512		2000
7345		7345000		32512		2000
7346		7346000		32512		2000
7347		7347000		32353		1990
7348		7348000		32512		2000
7349		7349000		32512		2000
7350		7350000		32512		2000
7351		7351000		32512		2000
7352		7352000		32512		2000
7353		7353000		32512		2000
7354		7354000		32512		2000
7355		7355000		32512		2000
7356		7356000		32064		1972
7357		7357000		32512		2000
7358		7358000		32512		2000
7359		7359000		32353		1990
7360		7360000		32512		2000
7361		7361000		32512		2000
7362		7362000		32353		1990
7363		7363000		32512		2000
7364		7364000		32353		1990
7365		7365000		32512		2000
7366		7366000		32512		2000
7367		7367000		32353		1990
7368		7368000		32353		1990
7369		7369000		32353		1990
7370		7370000		32512		2000
7371		7371000		32512		2000
7372		7372000		32512		2000
7373		7373000		32512		2000
7374		7374000		32353		1990
7375		7375000		32512		2000
7376		7376000		32512		2000
7377		7377000		32512		2000
7378		7378000		32353		1990
7379		7379000		32512		2000
7380		7380000		32512		2000
7381		7381000		32353		1990
7382		7382000		32353		1990
7383		7383000		32512		2000
7384		7384000		32353		1990
7385		7385000		32512		2000
7386		7386000		32353		1990
7387		7387000		32353		1990
7388		7388000		32353		1990
7389		7389000		32512		2000
7390		7390000		32512		2000
7391		7391000		32353		1990
7392		7392000		32353		1990
7393		7393000		32353		1990
7394		7394000		32512		2000
7395		7395000		32353		1990
7396		7396000		32512		2000
7397		7397000		32512		2000
7398		7398000		32512		2000
7399		7399000		32512		2000
7400		7400000		32512		2000
7401		7401000		32512		2000
7402		7402000		32353		1990
7403		7403000		32353		1990
7404		7404000		32353		1990
7405		7405000		32512		2000
7406		7406000		32353		1990
7407		7407000		32353		1990
7408		7408000		32512		2000
7409		7409000		32353		1990
7410		7410000		32353		1990
7411		7411000		32353		1990
7412		7412000		32512		2000
7413		7413000		32512		2000
7414		7414000		32353		1990
7415		7415000		32353		1990
7416		7416000		32512		2000
7417		7417000		32353		1990
7418		7418000		32353		1990
7419		7419000		32353		1990
7420		7420000		32512		2000
7421		7421000		32353		1990
7422		7422000		32353		1990
7423		7423000		32353		1990
7424		7424000		32353		1990
7425		7425000		32512		2000
7426		7426000		32353		1990
7427		7427000		32353		1990
7428		7428000		32353		1990
7429		7429000		32353		1990
7430		7430000		32353		1990
7431		7431000		32353		1990
7432		7432000		32512		2000
7433		7433000		32512		2000
7434		7434000		32353		1990
7435		7435000		32512		2000
7436		7436000		32512		2000
7437		7437000		32512		2000
7438		7438000		32353		1990
7439		7439000		32353		1990
7440		7440000		32512		2000
7441		7441000		32512		2000
7442		7442000		32512		2000
7443		7443000		32353		1990
7444		7444000		32512		2000
7445		7445000		32353		1990
7446		7446000		32512		2000
7447		7447000		32512		2000
7448		7448000		32512		2000
7449		7449000		32512		2000
7450		7450000		32512		2000
7451		7451000		32512		2000
7452		7452000		32512		2000
7453		7453000		32512		2000
7454		7454000		32512		2000
7455		7455000		32353		1990
7456		7456000		32512		2000
7457		7457000		32353		1990
7458		7458000		32512		2000
7459		7459000		32512		2000
7460		7460000		32353		1990
7461		7461000		32512		2000
7462		7462000		32512		2000
7463		7463000		32353		1990
7464		7464000		32353		1990
7465		7465000		32512		2000
7466		7466000		32512		2000
7467		7467000		32353		1990
7468		7468000		32512		2000
7469		7469000		32512		2000
7470		7470000		32512		2000
7471		7471000		32512		2000
7472		7472000		32512		2000
7473		7473000		32512		2000
7474		7474000		32353		1990
7475		7475000		32512		2000
7476		7476000		32512		2000
7477		7477000		32353		1990
7478		7478000		32353		1990
7479		7479000		32353		1990
7480		7480000		32512		2000
7481		7481000		32353		1990
7482		7482000		32353		1990
7483		7483000		32512		2000
7484		7484000		32353		1990
7485		7485000		32353		1990
7486		7486000		32512		2000
7487		7487000		32512		2000
7488		7488000		32512		2000
7489		7489000		32353		1990
7490		7490000		32512		2000
7491		7491000		32512		2000
7492		7492000		32353		1990
7493		7493000		32353		1990
7494		7494000		32512		2000
7495		7495000		32512		2000
7496		7496000		32353		1990
7497		7497000		32512		2000
7498		7498000		32512		2000
7499		7499000		32512		2000
7500		7500000		32512		2000
7501		7501000		32512		2000
7502		7502000		32512		2000
7503		7503000		32512		2000
7504		7504000		32512		2000
7505		7505000		32512		2000
7506		7506000		32512		2000
7507		7507000		32512		2000
7508		7508000		32512		2000
7509		7509000		32512		2000
7510		7510000		32512		2000
7511		7511000		32353		1990
7512		7512000		32512		2000
7513		7513000		32512		2000
7514		7514000		32512		2000
7515		7515000		32512		2000
7516		7516000		32512		2000
7517		7517000		32512		2000
7518		7518000		32512		2000
7519		7519000		32512		2000
7520		7520000		32353		1990
7521		7521000		32512		2000
7522		7522000		32512		2000
7523		7523000		32512		2000
7524		7524000		32353		1990
7525		7525000		32512		2000
7526		7526000		32512		2000
7527		7527000		32512		2000
7528		7528000		32512		2000
7529		7529000		32512		2000
7530		7530000		32512		2000
7531		7531000		32512		2000
7532		7532000		32512		2000
7533		7533000		32512		2000
7534		7534000		32512		2000
7535		7535000		32512		2000
7536		7536000		32512		2000
7537		7537000		32512		2000
7538		7538000		32512		2000
7539		7539000		32353		1990
7540		7540000		32512		2000
7541		7541000		32512		2000
7542		7542000		32512		2000
7543		7543000		32512		2000
7544		7544000		32512		2000
7545		7545000		32512		2000
7546		7546000		32512		2000
7547		7547000		32512		2000
7548		7548000		32512		2000
7549		7549000		32512		2000
7550		7550000		32512		2000
7551		7551000		32512		2000
7552		7552000		32512		2000
7553		7553000		32512		2000
7554		7554000		32512		2000
7555		7555000		32512		2000
7556		7556000		32512		2000
7557		7557000		32353		1990
7558		7558000		32512		2000
7559		7559000		32512		2000
7560		7560000		32512		2000
7561		7561000		32512		2000
7562		7562000		32512		2000
7563		7563000		32512		2000
7564		7564000		32512		2000
7565		7565000		32512		2000
7566		7566000		32512		2000
7567		7567000		32512		2000
7568		7568000		32512		2000
7569		7569000		32512		2000
7570		7570000		32512		2000
7571		7571000		32512		2000
7572		7572000		32512		2000
7573		7573000		32512		2000
7574		7574000		32512		2000
7575		7575000		32512		2000
7576		7576000		32512		2000
7577		7577000		32353		1990
7578		7578000		32512		2000
7579		7579000		32512		2000
7580		7580000		32512		2000
7581		7581000		32512		2000
7582		7582000		32512		2000
7583		7583000		32353		1990
7584		7584000		32512		2000
7585		7585000		32512		2000
7586		7586000		32512		2000
7587		7587000		32512		2000
7588		7588000		32353		1990
7589		7589000		32512		2000
7590		7590000		32512		2000
7591		7591000		32353		1990
7592		7592000		32512		2000
7593		7593000		32353		1990
7594		7594000		32512		2000
7595		7595000		32512		2000
7596		7596000		32512		2000
7597		7597000		32512		2000
7598		7598000		32512		2000
7599		7599000		32512		2000
7600		7600000		32512		2000
7601		7601000		32353		1990
7602		7602000		32512		2000
7603		7603000		32512		2000
7604		7604000		32512		2000
7605		7605000		32512		2000
7606		7606000		32512		2000
7607		7607000		32512		2000
7608		7608000		32512		2000
7609		7609000		32512		2000
7610		7610000		32512		2000
7611		7611000		32512		2000
7612		7612000		32512		2000
7613		7613000		32512		2000
7614		7614000		32512		2000
7615		7615000		32512		2000
7616		7616000		32512		2000
7617		7617000		32353		1990
7618		7618000		32512		2000
7619		7619000		32512		2000
7620		7620000		32512		2000
7621		7621000		32512		2000
7622		7622000		32512		2000
7623		7623000		32512		2000
7624		7624000		32512		2000
7625		7625000		32512		2000
7626		7626000		32353		1990
7627		7627000		32512		2000
7628		7628000		32512		2000
7629		7629000		32512		2000
7630		7630000		32512		2000
7631		7631000		32512		2000
7632		7632000		32353		1990
7633		7633000		32512		2000
7634		7634000		32512		2000
7635		7635000		32512		2000
7636		7636000		32512		2000
7637		7637000		32512		2000
7638		7638000		32353		1990
7639		7639000		32353		1990
7640		7640000		32512		2000
7641		7641000		32512		2000
7642		7642000		32512		2000
7643		7643000		32512		2000
7644		7644000		32512		2000
7645		7645000		32512		2000
7646		7646000		32512		2000
7647		7647000		32512		2000
7648		7648000		32512		2000
7649		7649000		32512		2000
7650		7650000		32512		2000
7651		7651000		32512		2000
7652		7652000		32512		2000
7653		7653000		32512		2000
7654		7654000		32512		2000
7655		7655000		32512		2000
7656		7656000		32512		2000
7657		7657000		32512		2000
7658		7658000		32512		2000
7659		7659000		32512		2000
7660		7660000		32512		2000
7661		7661000		32512		2000
7662		7662000		32512		2000
7663		7663000		32512		2000
7664		7664000		32512		2000
7665		7665000		32512		2000
7666		7666000		32512		2000
7667		7667000		32353		1990
7668		7668000		32512		2000
7669		7669000		32512		2000
7670		7670000		32512		2000
7671		7671000		32512		2000
7672		7672000		32512		2000
7673		7673000		-32512		-2000
7674		7674000		-32353		-1990
7675		7675000		-32353		-1990
7676		7676000		-32353		-1990
7677		7677000		-32353		-1990
7678		7678000		-32353		-1990
7679		7679000		-32353		-1990
7680		7680000		-32512		-2000
7681		7681000		-32353		-1990
7682		7682000		-32353		-1990
7683		7683000		-32512		-2000
7684		7684000		-32353		-1990
7685		7685000		-32512		-2000
7686		7686000		-32512		-2000
7687		7687000		-32512		-2000
7688		7688000		-32512		-2000
7689		7689000		-32512		-2000
7690		7690000		-32512		-2000
7691		7691000		-32512		-2000
7692		7692000		-32512		-2000
7693		7693000		-32353		-1990
7694		7694000		-32353		-1990
7695		7695000		-32512		-2000
7696		7696000		-32512		-2000
7697		7697000		-32512		-2000
7698		7698000		-32512		-2000
7699		7699000		-32353		-1990
7700		7700000		-32064		-1972
7701		7701000		-32512		-2000
7702		7702000		-32353		-1990
7703		7703000		-32353		-1990
7704		7704000		-32353		-1990
7705		7705000		-32512		-2000
7706		7706000		-32512		-2000
7707		7707000		-32512		-2000
7708		7708000		-32353		-1990
7709		7709000		-32353		-1990
7710		7710000		-32512		-2000
7711		7711000		-32353		-1990
7712		7712000		-32353		-1990
7713		7713000		-32353		-1990
7714		7714000		-32353		-1990
7715		7715000		-32512		-2000
7716		7716000		-32353		-1990
7717		7717000		-32353		-1990
7718		7718000		-32353		-1990
7719		7719000		-32353		-1990
7720		7720000		-32353		-1990
7721		7721000		-32353		-1990
7722		7722000		-32353		-1990
7723		7723000		-32353		-1990
7724		7724000		-32353		-1990
7725		7725000		-32353		-1990
7726		7726000		-32353		-1990
7727		7727000		-32353		-1990
7728		7728000		-32512		-2000
7729		7729000		-32512		-2000
7730		7730000		-32512		-2000
7731		7731000		-32512		-2000
7732		7732000		-32512		-2000
7733		7733000		-32512		-2000
7734		7734000		-32353		-1990
7735		7735000		-32353		-1990
7736		7736000		-32353		-1990
7737		7737000		-32353		-1990
7738		7738000		-32353		-1990
7739		7739000		-32353		-1990
7740		7740000		-32353		-1990
7741		7741000		-32353		-1990
7742		7742000		-32353		-1990
7743		7743000		-32353		-1990
7744		7744000		-32353		-1990
7745		7745000		-32353		-1990
7746		7746000		-32353		-1990
7747		7747000		-32353		-1990
7748		7748000		-32353		-1990
7749		7749000		-32353		-1990
7750		7750000		-32064		-1972
7751		7751000		-32512		-2000
7752		7752000		-32353		-1990
7753		7753000		-32353		-1990
7754		7754000		-32353		-1990
7755		7755000		-32353		-1990
7756		7756000		-32353		-1990
7757		7757000		-32353		-1990
7758		7758000		-32512		-2000
7759		7759000		-32353		-1990
7760		7760000		-32353		-1990
7761		7761000		-32353		-1990
7762		7762000		-32353		-1990
7763		7763000		-32512		-2000
7764		7764000		-32353		-1990
7765		7765000		-32353		-1990
7766		7766000		-32353		-1990
7767		7767000		-32353		-1990
7768		7768000		-32353		-1990
7769		7769000		-32353		-1990
7770		7770000		-32353		-1990
7771		7771000		-32353		-1990
7772		7772000		-32353		-1990
7773		7773000		-32353		-1990
7774		7774000		-32353		-1990
7775		7775000		-32353		-1990
7776		7776000		-32353		-1990
7777		7777000		-32353		-1990
7778		7778000		-32353		-1990
7779		7779000		-32353		-1990
7780		7780000		-32353		-1990
7781		7781000		-32353		-1990
7782		7782000		-32353		-1990
7783		7783000		-32353		-1990
7784		7784000		-32353		-1990
7785		7785000		-32353		-1990
7786		7786000		-32353		-1990
7787		7787000		-32353		-1990
7788		7788000		-32353		-1990
7789		7789000		-32353		-1990
7790		7790000		-32353		-1990
7791		7791000		-32353		-1990
7792		7792000		-32353		-1990
7793		7793000		-32353		-1990
7794		7794000		-32353		-1990
7795		7795000		-32353		-1990
7796		7796000		-32353		-1990
7797		7797000		-32353		-1990
7798		7798000		-32353		-1990
7799		7799000		-32353		-1990
7800		7800000		-32512		-2000
7801		7801000		-32064		-1972
7802		7802000		-32353		-1990
7803		7803000		-32353		-1990
7804		7804000		-32353		-1990
7805		7805000		-32512		-2000
7806		7806000		-32353		-1990
7807		7807000		-32353		-1990
7808		7808000		-32353		-1990
7809		7809000		-32353		-1990
7810		7810000		-32353		-1990
7811		7811000		-32353		-1990
7812		7812000		-32353		-1990
7813		7813000		-32353		-1990
7814		7814000		-32353		-1990
7815		7815000		-32064		-1972
7816		7816000		-32353		-1990
7817		7817000		-32353		-1990
7818		7818000		-32353		-1990
7819		7819000		-32353		-1990
7820		7820000		-32353		-1990
7821		7821000		-32512		-2000
7822		7822000		-32353		-1990
7823		7823000		-32353		-1990
7824		7824000		-32353		-1990
7825		7825000		-32353		-1990
7826		7826000		-32353		-1990
7827		7827000		-32353		-1990
7828		7828000		-32353		-1990
7829		7829000		-32353		-1990
7830		7830000		-32512		-2000
7831		7831000		-32353		-1990
7832		7832000		-32353		-1990
7833		7833000		-32064		-1972
7834		7834000		-32353		-1990
7835		7835000		-32353		-1990
7836		7836000		-32353		-1990
7837		7837000		-32353		-1990
7838		7838000		-32353		-1990
7839		7839000		-32353		-1990
7840		7840000		-32353		-1990
7841		7841000		-32353		-1990
7842		7842000		-32353		-1990
7843		7843000		-32353		-1990
7844		7844000		-32353		-1990
7845		7845000		-32353		-1990
7846		7846000		-32064		-1972
7847		7847000		-32512		-2000
7848		7848000		-32353		-1990
7849		7849000		-32353		-1990
7850		7850000		-32353		-1990
7851		7851000		-32353		-1990
7852		7852000		-32064		-1972
7853		7853000		-32353		-1990
7854		7854000		-32353		-1990
7855		7855000		-32353		-1990
7856		7856000		-32353		-1990
7857		7857000		-32353		-1990
7858		7858000		-32353		-1990
7859		7859000		-32353		-1990
7860		7860000		-32353		-1990
7861		7861000		-32353		-1990
7862		7862000		-32353		-1990
7863		7863000		-32353		-1990
7864		7864000		-32512		-2000
7865		7865000		-32064		-1972
7866		7866000		-32353		-1990
7867		7867000		-32353		-1990
7868		7868000		-32353		-1990
7869		7869000		-32353		-1990
7870		7870000		-32353		-1990
7871		7871000		-32353		-1990
7872		7872000		-32353		-1990
7873		7873000		-32512		-2000
7874		7874000		-32512		-2000
7875		7875000		-32353		-1990
7876		7876000		-32353		-1990
7877		7877000		-32353		-1990
7878		7878000		-32353		-1990
7879		7879000		-32353		-1990
7880		7880000		-32353		-1990
7881		7881000		-32353		-1990
7882		7882000		-32353		-1990
7883		7883000		-32512		-2000
7884		7884000		-32353		-1990
7885		7885000		-32353		-1990
7886		7886000		-32353		-1990
7887		7887000		-32353		-1990
7888		7888000		-32353		-1990
7889		7889000		-32512		-2000
7890		7890000		-32353		-1990
7891		7891000		-32353		-1990
7892		7892000		-32353		-1990
7893		7893000		-32512		-2000
7894		7894000		-32353		-1990
7895		7895000		-32353		-1990
7896		7896000		-32353		-1990
7897		7897000		-32353		-1990
7898		7898000		-32353		-1990
7899		7899000		-32353		-1990
7900		7900000		-32064		-1972
7901		7901000		-32353		-1990
7902		7902000		-32353		-1990
7903		7903000		-32353		-1990
7904		7904000		-32353		-1990
7905		7905000		-32353		-1990
7906		7906000		-32353		-1990
7907		7907000		-32353		-1990
7908		7908000		-32353		-1990
7909		7909000		-32353		-1990
7910		7910000		-32353		-1990
7911		7911000		-32353		-1990
7912		7912000		-32353		-1990
7913		7913000		-32353		-1990
7914		7914000		-32353		-1990
7915		7915000		-32353		-1990
7916		7916000		-32353		-1990
7917		7917000		-32353		-1990
7918		7918000		-32353		-1990
7919		7919000		-32512		-2000
7920		7920000		-32353		-1990
7921		7921000		-32353		-1990
7922		7922000		-32353		-1990
7923		7923000		-32353		-1990
7924		7924000		-32512		-2000
7925		7925000		-32353		-1990
7926		7926000		-32353		-1990
7927		7927000		-32512		-2000
7928		7928000		-32353		-1990
7929		7929000		-32512		-2000
7930		7930000		-32353		-1990
7931		7931000		-32512		-2000
7932		7932000		-32353		-1990
7933		7933000		-32353		-1990
7934		7934000		-32512		-2000
7935		7935000		-32512		-2000
7936		7936000		-32353		-1990
7937		7937000		-32512		-2000
7938		7938000		-32353		-1990
7939		7939000		-32064		-1972
7940		7940000		-32353		-1990
7941		7941000		-32512		-2000
7942		7942000		-32353		-1990
7943		7943000		-32512		-2000
7944		7944000		-32353		-1990
7945		7945000		-32353		-1990
7946		7946000		-32353		-1990
7947		7947000		-32353		-1990
7948		7948000		-32512		-2000
7949		7949000		-32353		-1990
7950		7950000		-32353		-1990
7951		7951000		-32512		-2000
7952		7952000		-32353		-1990
7953		7953000		-32353		-1990
7954		7954000		-32512		-2000
7955		7955000		-32353		-1990
7956		7956000		-32353		-1990
7957		7957000		-32353		-1990
7958		7958000		-32353		-1990
7959		7959000		-32353		-1990
7960		7960000		-32512		-2000
7961		7961000		-32353		-1990
7962		7962000		-32512		-2000
7963		7963000		-32353		-1990
7964		7964000		-32353		-1990
7965		7965000		-32512		-2000
7966		7966000		-32353		-1990
7967		7967000		-32353		-1990
7968		7968000		-32512		-2000
7969		7969000		-32353		-1990
7970		7970000		-32353		-1990
7971		7971000		-32353		-1990
7972		7972000		-32353		-1990
7973		7973000		-32353		-1990
7974		7974000		-32353		-1990
7975		7975000		-32353		-1990
7976		7976000		-32353		-1990
7977		7977000		-32064		-1972
7978		7978000		-32512		-2000
7979		7979000		-32353		-1990
7980		7980000		-32353		-1990
7981		7981000		-32353		-1990
7982		7982000		-32353		-1990
7983		7983000		-32353		-1990
7984		7984000		-32353		-1990
7985		7985000		-32353		-1990
7986		7986000		-32353		-1990
7987		7987000		-32353		-1990
7988		7988000		-32353		-1990
7989		7989000		-32353		-1990
7990		7990000		-32353		-1990
7991		7991000		-32353		-1990
7992		7992000		-32353		-1990
7993		7993000		-32353		-1990
7994		7994000		-32512		-2000
7995		7995000		-32353		-1990
7996		7996000		-32353		-1990
7997		7997000		-32512		-2000
7998		7998000		-32353		-1990
7999		7999000		-32512		-2000
8000		8000000		-32353		-1990
8001		8001000		-32353		-1990
8002		8002000		-32353		-1990
8003		8003000		-32353		-1990
8004		8004000		-32353		-1990
8005		8005000		-32353		-1990
8006		8006000		-32353		-1990
8007		8007000		-32353		-1990
8008		8008000		-32353		-1990
8009		8009000		-32353		-1990
8010		8010000		-32353		-1990
8011		8011000		-32353		-1990
8012		8012000		-32353		-1990
8013		8013000		-32353		-1990
8014		8014000		-32353		-1990
8015		8015000		-32353		-1990
8016		8016000		-32353		-1990
8017		8017000		-32512		-2000
8018		8018000		-32353		-1990
8019		8019000		-32353		-1990
8020		8020000		-32512		-2000
8021		8021000		-32353		-1990
8022		8022000		-32512		-2000
8023		8023000		-32353		-1990
8024		8024000		-32353		-1990
8025		8025000		-32353		-1990
8026		8026000		-32512		-2000
8027		8027000		-32353		-1990
8028		8028000		-32353		-1990
8029		8029000		-32353		-1990
8030		8030000		-32353		-1990
8031		8031000		-32353		-1990
8032		8032000		-32353		-1990
8033		8033000		-32353		-1990
8034		8034000		-32353		-1990
8035		8035000		-32512		-2000
8036		8036000		-32353		-1990
8037		8037000		-32353		-1990
8038		8038000		-32353		-1990
8039		8039000		-32512		-2000
8040		8040000		-32353		-1990
8041		8041000		-32353		-1990
8042		8042000		-32353		-1990
8043		8043000		-32353		-1990
8044		8044000		-32353		-1990
8045		8045000		-32353		-1990
8046		8046000		-32353		-1990
8047		8047000		-32512		-2000
8048		8048000		-32353		-1990
8049		8049000		-32353		-1990
8050		8050000		-32353		-1990
8051		8051000		-32353		-1990
8052		8052000		-32353		-1990
8053		8053000		-32353		-1990
8054		8054000		-32353		-1990
8055		8055000		-32353		-1990
8056		8056000		-32353		-1990
8057		8057000		-32353		-1990
8058		8058000		-32353		-1990
8059		8059000		-32512		-2000
8060		8060000		-32353		-1990
8061		8061000		-32353		-1990
8062		8062000		-32353		-1990
8063		8063000		-32353		-1990
8064		8064000		-32353		-1990
8065		8065000		-32353		-1990
8066		8066000		-32512		-2000
8067		8067000		-32353		-1990
8068		8068000		-32353		-1990
8069		8069000		-32353		-1990
8070		8070000		-32353		-1990
8071		8071000		-32353		-1990
8072		8072000		-32353		-1990
8073		8073000		-32353		-1990
8074		8074000		-32512		-2000
8075		8075000		-32353		-1990
8076		8076000		-32353		-1990
8077		8077000		-32353		-1990
8078		8078000		-32353		-1990
8079		8079000		-32353		-1990
8080		8080000		-32353		-1990
8081		8081000		-32353		-1990
8082		8082000		-32353		-1990
8083		8083000		-32353		-1990
8084		8084000		-32353		-1990
8085		8085000		-32353		-1990
8086		8086000		-32064		-1972
8087		8087000		-32353		-1990
8088		8088000		-32353		-1990
8089		8089000		-32353		-1990
8090		8090000		-32064		-1972
8091		8091000		-32353		-1990
8092		8092000		-32353		-1990
8093		8093000		-32353		-1990
8094		8094000		-32353		-1990
8095		8095000		-32353		-1990
8096		8096000		-32353		-1990
8097		8097000		-31775		-1954
8098		8098000		-32353		-1990
8099		8099000		-32353		-1990
8100		8100000		-32353		-1990
8101		8101000		-32512		-2000
8102		8102000		-32353		-1990
8103		8103000		-32353		-1990
8104		8104000		-32353		-1990
8105		8105000		-32064		-1972
8106		8106000		-32353		-1990
8107		8107000		-32353		-1990
8108		8108000		-32353		-1990
8109		8109000		-32353		-1990
8110		8110000		-32353		-1990
8111		8111000		-32353		-1990
8112		8112000		-32353		-1990
8113		8113000		-32353		-1990
8114		8114000		-32353		-1990
8115		8115000		-32353		-1990
8116		8116000		-32353		-1990
8117		8117000		-32353		-1990
8118		8118000		-32353		-1990
8119		8119000		-32353		-1990
8120		8120000		-32353		-1990
8121		8121000		-32512		-2000
8122		8122000		-32353		-1990
8123		8123000		-32353		-1990
8124		8124000		-32353		-1990
8125		8125000		-32353		-1990
8126		8126000		-32512		-2000
8127		8127000		-32353		-1990
8128		8128000		-32353		-1990
8129		8129000		-32353		-1990
8130		8130000		-32512		-2000
8131		8131000		-32353		-1990
8132		8132000		-32353		-1990
8133		8133000		-32353		-1990
8134		8134000		-32353		-1990
8135		8135000		-32353		-1990
8136		8136000		-32353		-1990
8137		8137000		-32353		-1990
8138		8138000		-32064		-1972
8139		8139000		-32064		-1972
8140		8140000		-32512		-2000
8141		8141000		-32353		-1990
8142		8142000		-32353		-1990
8143		8143000		-32353		-1990
8144		8144000		-32512		-2000
8145		8145000		-32353		-1990
8146		8146000		-32353		-1990
8147		8147000		-32353		-1990
8148		8148000		-32353		-1990
8149		8149000		-32512		-2000
8150		8150000		-32353		-1990
8151		8151000		-32512		-2000
8152		8152000		-32353		-1990
8153		8153000		-32512		-2000
8154		8154000		-32353		-1990
8155		8155000		-32353		-1990
8156		8156000		-32353		-1990
8157		8157000		-32353		-1990
8158		8158000		-32353		-1990
8159		8159000		-32512		-2000
8160		8160000		-32353		-1990
8161		8161000		-32512		-2000
8162		8162000		-32353		-1990
8163		8163000		-32353		-1990
8164		8164000		-32512		-2000
8165		8165000		-32353		-1990
8166		8166000		-32064		-1972
8167		8167000		-32512		-2000
8168		8168000		-32512		-2000
8169		8169000		-32512		-2000
8170		8170000		-32353		-1990
8171		8171000		-32353		-1990
8172		8172000		-32512		-2000
8173		8173000		32512		2000
8174		8174000		32353		1990
8175		8175000		32353		1990
8176		8176000		32512		2000
8177		8177000		32512		2000
8178		8178000		32353		1990
8179		8179000		32512		2000
8180		8180000		32512		2000
8181		8181000		32512		2000
8182		8182000		32512		2000
8183		8183000		32512		2000
8184		8184000		32512		2000
8185		8185000		32512		2000
8186		8186000		32512		2000
8187		8187000		32512		2000
8188		8188000		32512		2000
8189		8189000		32512		2000
8190		8190000		32512		2000
8191		8191000		32512		2000
8192		8192000		32353		1990
8193		8193000		32512		2000
8194		8194000		32512		2000
8195		8195000		32512		2000
8196		8196000		32512		2000
8197		8197000		32512		2000
8198		8198000		32512		2000
8199		8199000		32512		2000
8200		8200000		32512		2000
8201		8201000		32512		2000
8202		8202000		32512		2000
8203		8203000		32512		2000
8204		8204000		32512		2000
8205		8205000		32512		2000
8206		8206000		32512		2000
8207		8207000		32512		2000
8208		8208000		32512		2000
8209		8209000		32512		2000
8210		8210000		32512		2000
8211		8211000		32512		2000
8212		8212000		32512		2000
8213		8213000		32512		2000
8214		8214000		32512		2000
8215		8215000		32512		2000
8216		8216000		32512		2000
8217		8217000		32512		2000
8218		8218000		32353		1990
8219		8219000		32512		2000
8220		8220000		32512		2000
8221		8221000		32512		2000
8222		8222000		32512		2000
8223		8223000		32512		2000
8224		8224000		32512		2000
8225		8225000		32512		2000
8226		8226000		32512		2000
8227		8227000		32512		2000
8228		8228000		32512		2000
8229		8229000		32512		2000
8230		8230000		32512		2000
8231		8231000		32512		2000
8232		8232000		32512		2000
8233		8233000		32512		2000
8234		8234000		32512		2000
8235		8235000		32512		2000
8236		8236000		32512		2000
8237		8237000		32512		2000
8238		8238000		32512		2000
8239		8239000		32512		2000
8240		8240000		32512		2000
8241		8241000		32512		2000
8242		8242000		32512		2000
8243		8243000		32512		2000
8244		8244000		32512		2000
8245		8245000		32512		2000
8246		8246000		32512		2000
8247		8247000		32512		2000
8248		8248000		32512		2000
8249		8249000		32512		2000
8250		8250000		32512		2000
8251		8251000		32512		2000
8252		8252000		32512		2000
8253		8253000		32512		2000
8254		8254000		32512		2000
8255		8255000		32512		2000
8256		8256000		32512		2000
8257		8257000		32512		2000
8258		8258000		32512		2000
8259		8259000		32512		2000
8260		8260000		32512		2000
8261		8261000		32512		2000
8262		8262000		32512		2000
8263		8263000		32512		2000
8264		8264000		32512		2000
8265		8265000		32512		2000
8266		8266000		32512		2000
8267		8267000		32512		2000
8268		8268000		32512		2000
8269		8269000		32512		2000
8270		8270000		32512		2000
8271		8271000		32512		2000
8272		8272000		32512		2000
8273		8273000		32512		2000
8274		8274000		32512		2000
8275		8275000		32512		2000
8276		8276000		32512		2000
8277		8277000		32512		2000
8278		8278000		32512		2000
8279		8279000		32512		2000
8280		8280000		32512		2000
8281		8281000		32512		2000
8282		8282000		32353		1990
8283		8283000		32512		2000
8284		8284000		32512		2000
8285		8285000		32512		2000
8286		8286000		32512		2000
8287		8287000		32512		2000
8288		8288000		32512		2000
8289		8289000		32512		2000
8290		8290000		32512		2000
8291		8291000		32512		2000
8292		8292000		32512		2000
8293		8293000		32512		2000
8294		8294000		32512		2000
8295		8295000		32512		2000
8296		8296000		32512		2000
8297		8297000		32512		2000
8298		8298000		32512		2000
8299		8299000		32512		2000
8300		8300000		32512		2000
8301		8301000		32512		2000
8302		8302000		32512		2000
8303		8303000		32512		2000
8304		8304000		32512		2000
8305		8305000		32512		2000
8306		8306000		32512		2000
8307		8307000		32512		2000
8308		8308000		32512		2000
8309		8309000		32512		2000
8310		8310000		32512		2000
8311		8311000		32512		2000
8312		8312000		32512		2000
8313		8313000		32512		2000
8314		8314000		32512		2000
8315		8315000		32512		2000
8316		8316000		32512		2000
8317		8317000		32512		2000
8318		8318000		32512		2000
8319		8319000		32512		2000
8320		8320000		32512		2000
8321		8321000		32512		2000
8322		8322000		32512		2000
8323		8323000		32512		2000
8324		8324000		32512		2000
8325		8325000		32512		2000
8326		8326000		32512		2000
8327		8327000		32512		2000
8328		8328000		32512		2000
8329		8329000		32512		2000
8330		8330000		32512		2000
8331		8331000		32512		2000
8332		8332000		32512		2000
8333		8333000		32512		2000
8334		8334000		32512		2000
8335		8335000		32512		2000
8336		8336000		32512		2000
8337		8337000		32512		2000
8338		8338000		32512		2000
8339		8339000		32512		2000
8340		8340000		32512		2000
8341		8341000		32512		2000
8342		8342000		32512		2000
8343		8343000		32512		2000
8344		8344000		32512		2000
8345		8345000		32512		2000
8346		8346000		32512		2000
8347		8347000		32512		2000
8348		8348000		32512		2000
8349		8349000		32512		2000
8350		8350000		32512		2000
8351		8351000		32512		2000
8352		8352000		32512		2000
8353		8353000		32512		2000
8354		8354000		32512		2000
8355		8355000		32512		2000
8356		8356000		32512		2000
8357		8357000		32512		2000
8358		8358000		32512		2000
8359		8359000		32512		2000
8360		8360000		32512		2000
8361		8361000		32512		2000
8362		8362000		32512		2000
8363		8363000		32512		2000
8364		8364000		32512		2000
8365		8365000		32512		2000
8366		8366000		32512		2000
8367		8367000		32512		2000
8368		8368000		32512		2000
8369		8369000		32512		2000
8370		8370000		32512		2000
8371		8371000		32512		2000
8372		8372000		32512		2000
8373		8373000		32512		2000
8374		8374000		32512		2000
8375		8375000		32512		2000
8376		8376000		32512		2000
8377		8377000		32512		2000
8378		8378000		32512		2000
8379		8379000		32512		2000
8380		8380000		32512		2000
8381		8381000		32512		2000
8382		8382000		32353		1990
8383		8383000		32512		2000
8384		8384000		32512		2000
8385		8385000		32512		2000
8386		8386000		32512		2000
8387		8387000		32512		2000
8388		8388000		32512		2000
8389		8389000		32512		2000
8390		8390000		32512		2000
8391		8391000		32512		2000
8392		8392000		32512		2000
8393		8393000		32512		2000
8394		8394000		32512		2000
8395		8395000		32512		2000
8396		8396000		32512		2000
8397		8397000		32512		2000
8398		8398000		32512		2000
8399		8399000		32512		2000
8400		8400000		32512		2000
8401		8401000		32512		2000
8402		8402000		32512		2000
8403		8403000		32512		2000
8404		8404000		32512		2000
8405		8405000		32512		2000
8406		8406000		32512		2000
8407		8407000		32512		2000
8408		8408000		32512		2000
8409		8409000		32512		2000
8410		8410000		32512		2000
8411		8411000		32512		2000
8412		8412000		32512		2000
8413		8413000		32512		2000
8414		8414000		32512		2000
8415		8415000		32512		2000
8416		8416000		32512		2000
8417		8417000		32512		2000
8418		8418000		32512		2000
8419		8419000		32512		2000
8420		8420000		32512		2000
8421		8421000		32512		2000
8422		8422000		32512		2000
8423		8423000		32512		2000
8424		8424000		32512		2000
8425		8425000		32512		2000
8426		8426000		32512		2000
8427		8427000		32512		2000
8428		8428000		32512		2000
8429		8429000		32512		2000
8430		8430000		32512		2000
8431		8431000		32512		2000
8432		8432000		32512		2000
8433		8433000		32512		2000
8434		8434000		32512		2000
8435		8435000		32512		2000
8436		8436000		32512		2000
8437		8437000		32512		2000
8438		8438000		32512		2000
8439		8439000		32512		2000
8440		8440000		32512		2000
8441		8441000		32512		2000
8442		8442000		32512		2000
8443		8443000		32512		2000
8444		8444000		32512		2000
8445		8445000		32512		2000
8446		8446000		32512		2000
8447		8447000		32512		2000
8448		8448000		32512		2000
8449		8449000		32512		2000
8450		8450000		32512		2000
8451		8451000		32512		2000
8452		8452000		32512		2000
8453		8453000		32512		2000
8454		8454000		32512		2000
8455		8455000		32512		2000
8456		8456000		32512		2000
8457		8457000		32512		2000
8458		8458000		32512		2000
8459		8459000		32512		2000
8460		8460000		32512		2000
8461		8461000		32512		2000
8462		8462000		32512		2000
8463		8463000		32512		2000
8464		8464000		32512		2000
8465		8465000		32512		2000
8466		8466000		32512		2000
8467		8467000		32512		2000
8468		8468000		32512		2000
8469		8469000		32512		2000
8470		8470000		32512		2000
8471		8471000		32512		2000
8472		8472000		32512		2000
8473		8473000		32512		2000
8474		8474000		32512		2000
8475		8475000		32512		2000
8476		8476000		32512		2000
8477		8477000		32512		2000
8478		8478000		32512		2000
8479		8479000		32512		2000
8480		8480000		32512		2000
8481		8481000		32512		2000
8482		8482000		32512		2000
8483		8483000		32512		2000
8484		8484000		32512		2000
8485		8485000		32512		2000
8486		8486000		32512		2000
8487		8487000		32512		2000
8488		8488000		32512		2000
8489		8489000		32512		2000
8490		8490000		32512		2000
8491		8491000		32512		2000
8492		8492000		32512		2000
8493		8493000		32512		2000
8494		8494000		32512		2000
8495		8495000		32512		2000
8496		8496000		32512		2000
8497		8497000		32512		2000
8498		8498000		32512		2000
8499		8499000		32512		2000
8500		8500000		32512		2000
8501		8501000		32512		2000
8502		8502000		32512		2000
8503		8503000		32512		2000
8504		8504000		32512		2000
8505		8505000		32512		2000
8506		8506000		32512		2000
8507		8507000		32512		2000
8508		8508000		32512		2000
8509		8509000		32512		2000
8510		8510000		32512		2000
8511		8511000		32512		2000
8512		8512000		32512		2000
8513		8513000		32512		2000
8514		8514000		32512		2000
8515		8515000		32512		2000
8516		8516000		32512		2000
8517		8517000		32512		2000
8518		8518000		32512		2000
8519		8519000		32512		2000
8520		8520000		32512		2000
8521		8521000		32512		2000
8522		8522000		32512		2000
8523		8523000		32512		2000
8524		8524000		32512		2000
8525		8525000		32512		2000
8526		8526000		32512		2000
8527		8527000		32512		2000
8528		8528000		32512		2000
8529		8529000		32512		2000
8530		8530000		32512		2000
8531		8531000		32512		2000
8532		8532000		32512		2000
8533		8533000		32512		2000
8534		8534000		32512		2000
8535		8535000		32512		2000
8536		8536000		32512		2000
8537		8537000		32512		2000
8538		8538000		32512		2000
8539		8539000		32512		2000
8540		8540000		32512		2000
8541		8541000		32512		2000
8542		8542000		32512		2000
8543		8543000		32512		2000
8544		8544000		32512		2000
8545		8545000		32512		2000
8546		8546000		32512		2000
8547		8547000		32512		2000
8548		8548000		32512		2000
8549		8549000		32512		2000
8550		8550000		32512		2000
8551		8551000		32512		2000
8552		8552000		32512		2000
8553		8553000		32512		2000
8554		8554000		32512		2000
8555		8555000		32512		2000
8556		8556000		32512		2000
8557		8557000		32512		2000
8558		8558000		32512		2000
8559		8559000		32512		2000
8560		8560000		32512		2000
8561		8561000		32512		2000
8562		8562000		32512		2000
8563		8563000		32512		2000
8564		8564000		32512		2000
8565		8565000		32512		2000
8566		8566000		32512		2000
8567		8567000		32512		2000
8568		8568000		32512		2000
8569		8569000		32512		2000
8570		8570000		32512		2000
8571		8571000		32512		2000
8572		8572000		32512		2000
8573		8573000		32512		2000
8574		8574000		32512		2000
8575		8575000		32512		2000
8576		8576000		32512		2000
8577		8577000		32512		2000
8578		8578000		32512		2000
8579		8579000		32512		2000
8580		8580000		32512		2000
8581		8581000		32512		2000
8582		8582000		32512		2000
8583		8583000		32512		2000
8584		8584000		32512		2000
8585		8585000		32512		2000
8586		8586000		32512		2000
8587		8587000		32512		2000
8588		8588000		32512		2000
8589		8589000		32512		2000
8590		8590000		32512		2000
8591		8591000		32512		2000
8592		8592000		32512		2000
8593		8593000		32512		2000
8594		8594000		32512		2000
8595		8595000		32512		2000
8596		8596000		32512		2000
8597		8597000		32512		2000
8598		8598000		32512		2000
8599		8599000		32512		2000
8600		8600000		32512		2000
8601		8601000		32512		2000
8602		8602000		32512		2000
8603		8603000		32512		2000
8604		8604000		32512		2000
8605		8605000		32512		2000
8606		8606000		32512		2000
8607		8607000		32512		2000
8608		8608000		32512		2000
8609		8609000		32512		2000
8610		8610000		32512		2000
8611		8611000		32512		2000
8612		8612000		32512		2000
8613		8613000		32512		2000
8614		8614000		32512		2000
8615		8615000		32512		2000
8616		8616000		32512		2000
8617		8617000		32512		2000
8618		8618000		32512		2000
8619		8619000		32512		2000
8620		8620000		32512		2000
8621		8621000		32512		2000
8622		8622000		32512		2000
8623		8623000		32512		2000
8624		8624000		32512		2000
8625		8625000		32512		2000
8626		8626000		32512		2000
8627		8627000		32512		2000
8628		8628000		32512		2000
8629		8629000		32512		2000
8630		8630000		32512		2000
8631		8631000		32512		2000
8632		8632000		32512		2000
8633		8633000		32512		2000
8634		8634000		32512		2000
8635		8635000		32512		2000
8636		8636000		32512		2000
8637		8637000		32512		2000
8638		8638000		32512		2000
8639		8639000		32512		2000
8640		8640000		32512		2000
8641		8641000		32512		2000
8642		8642000		32512		2000
8643		8643000		32512		2000
8644		8644000		32512		2000
8645		8645000		32512		2000
8646		8646000		32512		2000
8647		8647000		32512		2000
8648		8648000		32353		1990
8649		8649000		32512		2000
8650		8650000		32512		2000
8651		8651000		32512		2000
8652		8652000		32512		2000
8653		8653000		32512		2000
8654		8654000		32512		2000
8655		8655000		32512		2000
8656		8656000		32512		2000
8657		8657000		32512		2000
8658		8658000		32512		2000
8659		8659000		32512		2000
8660		8660000		32512		2000
8661		8661000		32512		2000
8662		8662000		32512		2000
8663		8663000		32512		2000
8664		8664000		32512		2000
8665		8665000		32512		2000
8666		8666000		32512		2000
8667		8667000		32512		2000
8668		8668000		32512		2000
8669		8669000		32512		2000
8670		8670000		32512		2000
8671		8671000		32512		2000
8672		8672000		32512		2000
8673		8673000		-32512		-2000
8674		8674000		-32353		-1990
8675		8675000		-32353		-1990
8676		8676000		-32353		-1990
8677		8677000		-32353		-1990
8678		8678000		-32353		-1990
8679		8679000		-32353		-1990
8680		8680000		-32353		-1990
8681		8681000		-32353		-1990
8682		8682000		-32512		-2000
8683		8683000		-32353		-1990
8684		8684000		-32512		-2000
8685		8685000		-32512		-2000
8686		8686000		-32353		-1990
8687		8687000		-32512		-2000
8688		8688000		-32353		-1990
8689		8689000		-32353		-1990
8690		8690000		-32512		-2000
8691		8691000		-32353		-1990
8692		8692000		-32353		-1990
8693		8693000		-32353		-1990
8694		8694000		-32353		-1990
8695		8695000		-32512		-2000
8696		8696000		-32512		-2000
8697		8697000		-32512		-2000
8698		8698000		-32353		-1990
8699		8699000		-32353		-1990
8700		8700000		-32353		-1990
8701		8701000		-32353		-1990
8702		8702000		-32353		-1990
8703		8703000		-32512		-2000
8704		8704000		-32353		-1990
8705		8705000		-32353		-1990
8706		8706000		-32512		-2000
8707		8707000		-32353		-1990
8708		8708000		-32353		-1990
8709		8709000		-32512		-2000
8710		8710000		-32512		-2000
8711		8711000		-32512		-2000
8712		8712000		-32353		-1990
8713		8713000		-32512		-2000
8714		8714000		-32512		-2000
8715		8715000		-32512		-2000
8716		8716000		-32353		-1990
8717		8717000		-32353		-1990
8718		8718000		-32512		-2000
8719		8719000		-32512		-2000
8720		8720000		-32353		-1990
8721		8721000		-32353		-1990
8722		8722000		-32512		-2000
8723		8723000		-32353		-1990
8724		8724000		-32512		-2000
8725		8725000		-32512		-2000
8726		8726000		-32353		-1990
8727		8727000		-32512		-2000
8728		8728000		-32512		-2000
8729		8729000		-32512		-2000
8730		8730000		-32353		-1990
8731		8731000		-32512		-2000
8732		8732000		-32512		-2000
8733		8733000		-32353		-1990
8734		8734000		-32512		-2000
8735		8735000		-32353		-1990
8736		8736000		-32353		-1990
8737		8737000		-32512		-2000
8738		8738000		-32353		-1990
8739		8739000		-32353		-1990
8740		8740000		-32353		-1990
8741		8741000		-32512		-2000
8742		8742000		-32512		-2000
8743		8743000		-32353		-1990
8744		8744000		-32512		-2000
8745		8745000		-32353		-1990
8746		8746000		-32353		-1990
8747		8747000		-32353		-1990
8748		8748000		-32353		-1990
8749		8749000		-32512		-2000
8750		8750000		-32353		-1990
8751		8751000		-32512		-2000
8752		8752000		-32353		-1990
8753		8753000		-32512		-2000
8754		8754000		-32512		-2000
8755		8755000		-32353		-1990
8756		8756000		-32512		-2000
8757		8757000		-32512		-2000
8758		8758000		-32353		-1990
8759		8759000		-32353		-1990
8760		8760000		-32512		-2000
8761		8761000		-32353		-1990
8762		8762000		-32353		-1990
8763		8763000		-32512		-2000
8764		8764000		-32353		-1990
8765		8765000		-32353		-1990
8766		8766000		-32512		-2000
8767		8767000		-32512		-2000
8768		8768000		-32512		-2000
8769		8769000		-32353		-1990
8770		8770000		-32353		-1990
8771		8771000		-32512		-2000
8772		8772000		-32512		-2000
8773		8773000		-32512		-2000
8774		8774000		-32512		-2000
8775		8775000		-32512		-2000
8776		8776000		-32353		-1990
8777		8777000		-32353		-1990
8778		8778000		-32353		-1990
8779		8779000		-32353		-1990
8780		8780000		-32353		-1990
8781		8781000		-32512		-2000
8782		8782000		-32353		-1990
8783		8783000		-32353		-1990
8784		8784000		-32353		-1990
8785		8785000		-32353		-1990
8786		8786000		-32512		-2000
8787		8787000		-32353		-1990
8788		8788000		-32512		-2000
8789		8789000		-32353		-1990
8790		8790000		-32512		-2000
8791		8791000		-32353		-1990
8792		8792000		-32353		-1990
8793		8793000		-32353		-1990
8794		8794000		-32512		-2000
8795		8795000		-32353		-1990
8796		8796000		-32353		-1990
8797		8797000		-32353		-1990
8798		8798000		-32353		-1990
8799		8799000		-32353		-1990
8800		8800000		-32353		-1990
8801		8801000		-32353		-1990
8802		8802000		-32353		-1990
8803		8803000		-32353		-1990
8804		8804000		-32512		-2000
8805		8805000		-32512		-2000
8806		8806000		-32512		-2000
8807		8807000		-32512		-2000
8808		8808000		-32512		-2000
8809		8809000		-32353		-1990
8810		8810000		-32353		-1990
8811		8811000		-32512		-2000
8812		8812000		-32512		-2000
8813		8813000		-32512		-2000
8814		8814000		-32512		-2000
8815		8815000		-32512		-2000
8816		8816000		-32512		-2000
8817		8817000		-32512		-2000
8818		8818000		-32353		-1990
8819		8819000		-32512		-2000
8820		8820000		-32353		-1990
8821		8821000		-32512		-2000
8822		8822000		-32353		-1990
8823		8823000		-32353		-1990
8824		8824000		-32353		-1990
8825		8825000		-32512		-2000
8826		8826000		-32353		-1990
8827		8827000		-32353		-1990
8828		8828000		-32512		-2000
8829		8829000		-32353		-1990
8830		8830000		-32512		-2000
8831		8831000		-32353		-1990
8832		8832000		-32512		-2000
8833		8833000		-32353		-1990
8834		8834000		-32353		-1990
8835		8835000		-32512		-2000
8836		8836000		-32512		-2000
8837		8837000		-32512		-2000
8838		8838000		-32353		-1990
8839		8839000		-32512		-2000
8840		8840000		-32353		-1990
8841		8841000		-32353		-1990
8842		8842000		-32353		-1990
8843		8843000		-32512		-2000
8844		8844000		-32353		-1990
8845		8845000		-32353		-1990
8846		8846000		-32512		-2000
8847		8847000		-32353		-1990
8848		8848000		-32512		-2000
8849		8849000		-32353		-1990
8850		8850000		-32353		-1990
8851		8851000		-32512		-2000
8852		8852000		-32512		-2000
8853		8853000		-32512		-2000
8854		8854000		-32512		-2000
8855		8855000		-32353		-1990
8856		8856000		-32353		-1990
8857		8857000		-32353		-1990
8858		8858000		-32512		-2000
8859		8859000		-32353		-1990
8860		8860000		-32512		-2000
8861		8861000		-32353		-1990
8862		8862000		-32512		-2000
8863		8863000		-32512		-2000
8864		8864000		-32512		-2000
8865		8865000		-32512		-2000
8866		8866000		-32353		-1990
8867		8867000		-32512		-2000
8868		8868000		-32353		-1990
8869		8869000		-32353		-1990
8870		8870000		-32512		-2000
8871		8871000		-32512		-2000
8872		8872000		-32512		-2000
8873		8873000		-32512		-2000
8874		8874000		-32353		-1990
8875		8875000		-32353		-1990
8876		8876000		-32353		-1990
8877		8877000		-32353		-1990
8878		8878000		-32512		-2000
8879		8879000		-32353		-1990
8880		8880000		-32353		-1990
8881		8881000		-32512		-2000
8882		8882000		-32353		-1990
8883		8883000		-32512		-2000
8884		8884000		-32353		-1990
8885		8885000		-32512		-2000
8886		8886000		-32512		-2000
8887		8887000		-32353		-1990
8888		8888000		-32353		-1990
8889		8889000		-32512		-2000
8890		8890000		-32512		-2000
8891		8891000		-32512		-2000
8892		8892000		-32512		-2000
8893		8893000		-32512		-2000
8894		8894000		-32353		-1990
8895		8895000		-32512		-2000
8896		8896000		-32353		-1990
8897		8897000		-32353		-1990
8898		8898000		-32512		-2000
8899		8899000		-32353		-1990
8900		8900000		-32353		-1990
8901		8901000		-32353		-1990
8902		8902000		-32512		-2000
8903		8903000		-32353		-1990
8904		8904000		-32353		-1990
8905		8905000		-32512		-2000
8906		8906000		-32512		-2000
8907		8907000		-32512		-2000
8908		8908000		-32353		-1990
8909		8909000		-32512		-2000
8910		8910000		-32512		-2000
8911		8911000		-32512		-2000
8912		8912000		-32512		-2000
8913		8913000		-32512		-2000
8914		8914000		-32512		-2000
8915		8915000		-32512		-2000
8916		8916000		-32512		-2000
8917		8917000		-32512		-2000
8918		8918000		-32512		-2000
8919		8919000		-32512		-2000
8920		8920000		-32512		-2000
8921		8921000		-32512		-2000
8922		8922000		-32353		-1990
8923		8923000		-32512		-2000
8924		8924000		-32512		-2000
8925		8925000		-32512		-2000
8926		8926000		-32512		-2000
8927		8927000		-32512		-2000
8928		8928000		-32512		-2000
8929		8929000		-32353		-1990
8930		8930000		-32512		-2000
8931		8931000		-32512		-2000
8932		8932000		-32512		-2000
8933		8933000		-32353		-1990
8934		8934000		-32512		-2000
8935		8935000		-32512		-2000
8936		8936000		-32353		-1990
8937		8937000		-32512		-2000
8938		8938000		-32512		-2000
8939		8939000		-32512		-2000
8940		8940000		-32353		-1990
8941		8941000		-32512		-2000
8942		8942000		-32512		-2000
8943		8943000		-32512		-2000
8944		8944000		-32353		-1990
8945		8945000		-32353		-1990
8946		8946000		-32512		-2000
8947		8947000		-32512		-2000
8948		8948000		-32512		-2000
8949		8949000		-32512		-2000
8950		8950000		-32512		-2000
8951		8951000		-32353		-1990
8952		8952000		-32512		-2000
8953		8953000		-32512		-2000
8954		8954000		-32353		-1990
8955		8955000		-32512		-2000
8956		8956000		-32512		-2000
8957		8957000		-32512		-2000
8958		8958000		-32512		-2000
8959		8959000		-32512		-2000
8960		8960000		-32512		-2000
8961		8961000		-32512		-2000
8962		8962000		-32512		-2000
8963		8963000		-32512		-2000
8964		8964000		-32064		-1972
8965		8965000		-32512		-2000
8966		8966000		-32512		-2000
8967		8967000		-32512		-2000
8968		8968000		-32512		-2000
8969		8969000		-32512		-2000
8970		8970000		-32512		-2000
8971		8971000		-32512		-2000
8972		8972000		-32512		-2000
8973		8973000		-32512		-2000
8974		8974000		-32512		-2000
8975		8975000		-32353		-1990
8976		8976000		-32512		-2000
8977		8977000		-32512		-2000
8978		8978000		-32512		-2000
8979		8979000		-32512		-2000
8980		8980000		-32512		-2000
8981		8981000		-32512		-2000
8982		8982000		-32512		-2000
8983		8983000		-32353		-1990
8984		8984000		-32512		-2000
8985		8985000		-32512		-2000
8986		8986000		-32512		-2000
8987		8987000		-32512		-2000
8988		8988000		-32512		-2000
8989		8989000		-32512		-2000
8990		8990000		-32512		-2000
8991		8991000		-32512		-2000
8992		8992000		-32353		-1990
8993		8993000		-32512		-2000
8994		8994000		-32512		-2000
8995		8995000		-32512		-2000
8996		8996000		-32512		-2000
8997		8997000		-32512		-2000
8998		8998000		-32512		-2000
8999		8999000		-32512		-2000
9000		9000000		-32512		-2000
9001		9001000		-32512		-2000
9002		9002000		-32512		-2000
9003		9003000		-32512		-2000
9004		9004000		-32512		-2000
9005		9005000		-32512		-2000
9006		9006000		-32512		-2000
9007		9007000		-32512		-2000
9008		9008000		-32512		-2000
9009		9009000		-32512		-2000
9010		9010000		-32512		-2000
9011		9011000		-32512		-2000
9012		9012000		-32512		-2000
9013		9013000		-32512		-2000
9014		9014000		-32512		-2000
9015		9015000		-32512		-2000
9016		9016000		-32512		-2000
9017		9017000		-32512		-2000
9018		9018000		-32512		-2000
9019		9019000		-32512		-2000
9020		9020000		-32512		-2000
9021		9021000		-32512		-2000
9022		9022000		-32512		-2000
9023		9023000		-32512		-2000
9024		9024000		-32353		-1990
9025		9025000		-32512		-2000
9026		9026000		-32512		-2000
9027		9027000		-32512		-2000
9028		9028000		-32512		-2000
9029		9029000		-32512		-2000
9030		9030000		-32512		-2000
9031		9031000		-32512		-2000
9032		9032000		-32512		-2000
9033		9033000		-32512		-2000
9034		9034000		-32512		-2000
9035		9035000		-32512		-2000
9036		9036000		-32512		-2000
9037		9037000		-32512		-2000
9038		9038000		-32512		-2000
9039		9039000		-32512		-2000
9040		9040000		-32512		-2000
9041		9041000		-32512		-2000
9042		9042000		-32512		-2000
9043		9043000		-32512		-2000
9044		9044000		-32512		-2000
9045		9045000		-32512		-2000
9046		9046000		-32512		-2000
9047		9047000		-32353		-1990
9048		9048000		-32353		-1990
9049		9049000		-32512		-2000
9050		9050000		-32512		-2000
9051		9051000		-32353		-1990
9052		9052000		-32512		-2000
9053		9053000		-32512		-2000
9054		9054000		-32353		-1990
9055		9055000		-32512		-2000
9056		9056000		-32512		-2000
9057		9057000		-32512		-2000
9058		9058000		-32512		-2000
9059		9059000		-32512		-2000
9060		9060000		-32353		-1990
9061		9061000		-32512		-2000
9062		9062000		-32512		-2000
9063		9063000		-32512		-2000
9064		9064000		-32512		-2000
9065		9065000		-32512		-2000
9066		9066000		-32512		-2000
9067		9067000		-32512		-2000
9068		9068000		-32353		-1990
9069		9069000		-32512		-2000
9070		9070000		-32512		-2000
9071		9071000		-32512		-2000
9072		9072000		-32512		-2000
9073		9073000		-32353		-1990
9074		9074000		-32512		-2000
9075		9075000		-32512		-2000
9076		9076000		-32512		-2000
9077		9077000		-32512		-2000
9078		9078000		-32512		-2000
9079		9079000		-32512		-2000
9080		9080000		-32512		-2000
9081		9081000		-32512		-2000
9082		9082000		-32353		-1990
9083		9083000		-32512		-2000
9084		9084000		-32512		-2000
9085		9085000		-32512		-2000
9086		9086000		-32512		-2000
9087		9087000		-32512		-2000
9088		9088000		-32512		-2000
9089		9089000		-32353		-1990
9090		9090000		-32512		-2000
9091		9091000		-32512		-2000
9092		9092000		-32512		-2000
9093		9093000		-32353		-1990
9094		9094000		-32512		-2000
9095		9095000		-32353		-1990
9096		9096000		-32512		-2000
9097		9097000		-32353		-1990
9098		9098000		-32512		-2000
9099		9099000		-32512		-2000
9100		9100000		-32512		-2000
9101		9101000		-32512		-2000
9102		9102000		-32353		-1990
9103		9103000		-32512		-2000
9104		9104000		-32512		-2000
9105		9105000		-32512		-2000
9106		9106000		-32512		-2000
9107		9107000		-32353		-1990
9108		9108000		-32353		-1990
9109		9109000		-32353		-1990
9110		9110000		-32512		-2000
9111		9111000		-32512		-2000
9112		9112000		-32353		-1990
9113		9113000		-32512		-2000
9114		9114000		-32512		-2000
9115		9115000		-32353		-1990
9116		9116000		-32512		-2000
9117		9117000		-32512		-2000
9118		9118000		-32353		-1990
9119		9119000		-32512		-2000
9120		9120000		-32512		-2000
9121		9121000		-32353		-1990
9122		9122000		-32512		-2000
9123		9123000		-32512		-2000
9124		9124000		-32512		-2000
9125		9125000		-32353		-1990
9126		9126000		-32512		-2000
9127		9127000		-32353		-1990
9128		9128000		-32353		-1990
9129		9129000		-32512		-2000
9130		9130000		-32353		-1990
9131		9131000		-32353		-1990
9132		9132000		-32353		-1990
9133		9133000		-32512		-2000
9134		9134000		-32512		-2000
9135		9135000		-32353		-1990
9136		9136000		-32512		-2000
9137		9137000		-32512		-2000
9138		9138000		-32353		-1990
9139		9139000		-32512		-2000
9140		9140000		-32512		-2000
9141		9141000		-32512		-2000
9142		9142000		-32512		-2000
9143		9143000		-32512		-2000
9144		9144000		-32512		-2000
9145		9145000		-32353		-1990
9146		9146000		-32512		-2000
9147		9147000		-32353		-1990
9148		9148000		-32512		-2000
9149		9149000		-32353		-1990
9150		9150000		-32353		-1990
9151		9151000		-32512		-2000
9152		9152000		-32353		-1990
9153		9153000		-32353		-1990
9154		9154000		-32353		-1990
9155		9155000		-32353		-1990
9156		9156000		-32512		-2000
9157		9157000		-32512		-2000
9158		9158000		-32353		-1990
9159		9159000		-32353		-1990
9160		9160000		-32353		-1990
9161		9161000		-32353		-1990
9162		9162000		-32353		-1990
9163		9163000		-32512		-2000
9164		9164000		-32512		-2000
9165		9165000		-32353		-1990
9166		9166000		-32353		-1990
9167		9167000		-32353		-1990
9168		9168000		-32353		-1990
9169		9169000		-32512		-2000
9170		9170000		-32353		-1990
9171		9171000		-32512		-2000
9172		9172000		-32353		-1990
9173		9173000		32353		1990
9174		9174000		32512		2000
9175		9175000		32353		1990
9176		9176000		32353		1990
9177		9177000		32512		2000
9178		9178000		32512		2000
9179		9179000		32512		2000
9180		9180000		32512		2000
9181		9181000		32512		2000
9182		9182000		32512		2000
9183		9183000		32512		2000
9184		9184000		32512		2000
9185		9185000		32512		2000
9186		9186000		32512		2000
9187		9187000		32512		2000
9188		9188000		32512		2000
9189		9189000		32512		2000
9190		9190000		32512		2000
9191		9191000		32512		2000
9192		9192000		32512		2000
9193		9193000		32512		2000
9194		9194000		32512		2000
9195		9195000		32512		2000
9196		9196000		32512		2000
9197		9197000		32512		2000
9198		9198000		32512		2000
9199		9199000		32512		2000
9200		9200000		32512		2000
9201		9201000		32353		1990
9202		9202000		32512		2000
9203		9203000		32512		2000
9204		9204000		32512		2000
9205		9205000		32512		2000
9206		9206000		32512		2000
9207		9207000		32512		2000
9208		9208000		32512		2000
9209		9209000		32512		2000
9210		9210000		32512		2000
9211		9211000		32512		2000
9212		9212000		32512		2000
9213		9213000		32353		1990
9214		9214000		32512		2000
9215		9215000		32512		2000
9216		9216000		32512		2000
9217		9217000		32512		2000
9218		9218000		32512		2000
9219		9219000		32512		2000
9220		9220000		32512		2000
9221		9221000		32512		2000
9222		9222000		32512		2000
9223		9223000		32512		2000
9224		9224000		32512		2000
9225		9225000		32512		2000
9226		9226000		32512		2000
9227		9227000		32512		2000
9228		9228000		32512		2000
9229		9229000		32512		2000
9230		9230000		32512		2000
9231		9231000		32512		2000
9232		9232000		32512		2000
9233		9233000		32512		2000
9234		9234000		32512		2000
9235		9235000		32512		2000
9236		9236000		32512		2000
9237		9237000		32512		2000
9238		9238000		32512		2000
9239		9239000		32512		2000
9240		9240000		32512		2000
9241		9241000		32512		2000
9242		9242000		32512		2000
9243		9243000		32512		2000
9244		9244000		32512		2000
9245		9245000		32512		2000
9246		9246000		32512		2000
9247		9247000		32512		2000
9248		9248000		32512		2000
9249		9249000		32512		2000
9250		9250000		32512		2000
9251		9251000		32512		2000
9252		9252000		32512		2000
9253		9253000		32512		2000
9254		9254000		32512		2000
9255		9255000		32512		2000
9256		9256000		32512		2000
9257		9257000		32512		2000
9258		9258000		32512		2000
9259		9259000		32512		2000
9260		9260000		32512		2000
9261		9261000		32512		2000
9262		9262000		32512		2000
9263		9263000		32512		2000
9264		9264000		32512		2000
9265		9265000		32512		2000
9266		9266000		32512		2000
9267		9267000		32512		2000
9268		9268000		32512		2000
9269		9269000		32512		2000
9270		9270000		32512		2000
9271		9271000		32512		2000
9272		9272000		32512		2000
9273		9273000		32512		2000
9274		9274000		32512		2000
9275		9275000		32512		2000
9276		9276000		32512		2000
9277		9277000		32512		2000
9278		9278000		32512		2000
9279		9279000		32512		2000
9280		9280000		32512		2000
9281		9281000		32512		2000
9282		9282000		32512		2000
9283		9283000		32512		2000
9284		9284000		32512		2000
9285		9285000		32512		2000
9286		9286000		32512		2000
9287		9287000		32512		2000
9288		9288000		32353		1990
9289		9289000		32512		2000
9290		9290000		32512		2000
9291		9291000		32512		2000
9292		9292000		32353		1990
9293		9293000		32512		2000
9294		9294000		32512		2000
9295		9295000		32512		2000
9296		9296000		32512		2000
9297		9297000		32512		2000
9298		9298000		32512		2000
9299		9299000		32512		2000
9300		9300000		32512		2000
9301		9301000		32512		2000
9302		9302000		32512		2000
9303		9303000		32512		2000
9304		9304000		32512		2000
9305		9305000		32512		2000
9306		9306000		32512		2000
9307		9307000		32512		2000
9308		9308000		32512		2000
9309		9309000		32512		2000
9310		9310000		32512		2000
9311		9311000		32512		2000
9312		9312000		32512		2000
9313		9313000		32512		2000
9314		9314000		32512		2000
9315		9315000		32512		2000
9316		9316000		32512		2000
9317		9317000		32512		2000
9318		9318000		32512		2000
9319		9319000		32512		2000
9320		9320000		32512		2000
9321		9321000		32512		2000
9322		9322000		32512		2000
9323		9323000		32512		2000
9324		9324000		32512		2000
9325		9325000		32512		2000
9326		9326000		32512		2000
9327		9327000		32512		2000
9328		9328000		32512		2000
9329		9329000		32512		2000
9330		9330000		32353		1990
9331		9331000		32512		2000
9332		9332000		32512		2000
9333		9333000		32512		2000
9334		9334000		32512		2000
9335		9335000		32512		2000
9336		9336000		32512		2000
9337		9337000		32512		2000
9338		9338000		32512		2000
9339		9339000		32512		2000
9340		9340000		32512		2000
9341		9341000		32512		2000
9342		9342000		32512		2000
9343		9343000		32512		2000
9344		9344000		32512		2000
9345		9345000		32512		2000
9346		9346000		32512		2000
9347		9347000		32512		2000
9348		9348000		32512		2000
9349		9349000		32512		2000
9350		9350000		32512		2000
9351		9351000		32512		2000
9352		9352000		32512		2000
9353		9353000		32512		2000
9354		9354000		32512		2000
9355		9355000		32512		2000
9356		9356000		32512		2000
9357		9357000		32512		2000
9358		9358000		32512		2000
9359		9359000		32512		2000
9360		9360000		32512		2000
9361		9361000		32512		2000
9362		9362000		32512		2000
9363		9363000		32512		2000
9364		9364000		32512		2000
9365		9365000		32512		2000
9366		9366000		32512		2000
9367		9367000		32512		2000
9368		9368000		32512		2000
9369		9369000		32512		2000
9370		9370000		32512		2000
9371		9371000		32512		2000
9372		9372000		32512		2000
9373		9373000		32512		2000
9374		9374000		32512		2000
9375		9375000		32512		2000
9376		9376000		32512		2000
9377		9377000		32512		2000
9378		9378000		32512		2000
9379		9379000		32512		2000
9380		9380000		32512		2000
9381		9381000		32512		2000
9382		9382000		32512		2000
9383		9383000		32512		2000
9384		9384000		32512		2000
9385		9385000		32512		2000
9386		9386000		32512		2000
9387		9387000		32512		2000
9388		9388000		32512		2000
9389		9389000		32512		2000
9390		9390000		32512		2000
9391		9391000		32512		2000
9392		9392000		32512		2000
9393		9393000		32512		2000
9394		9394000		32512		2000
9395		9395000		32512		2000
9396		9396000		32512		2000
9397		9397000		32512		2000
9398		9398000		32512		2000
9399		9399000		32512		2000
9400		9400000		32512		2000
9401		9401000		32512		2000
9402		9402000		32512		2000
9403		9403000		32512		2000
9404		9404000		32512		2000
9405		9405000		32512		2000
9406		9406000		32512		2000
9407		9407000		32512		2000
9408		9408000		32512		2000
9409		9409000		32512		2000
9410		9410000		32512		2000
9411		9411000		32512		2000
9412		9412000		32512		2000
9413		9413000		32512		2000
9414		9414000		32512		2000
9415		9415000		32512		2000
9416		9416000		32512		2000
9417		9417000		32512		2000
9418		9418000		32512		2000
9419		9419000		32512		2000
9420		9420000		32512		2000
9421		9421000		32512		2000
9422		9422000		32512		2000
9423		9423000		32512		2000
9424		9424000		32512		2000
9425		9425000		32512		2000
9426		9426000		32512		2000
9427		9427000		32512		2000
9428		9428000		32353		1990
9429		9429000		32512		2000
9430		9430000		32512		2000
9431		9431000		32512		2000
9432		9432000		32512		2000
9433		9433000		32512		2000
9434		9434000		32512		2000
9435		9435000		32512		2000
9436		9436000		32512		2000
9437		9437000		32512		2000
9438		9438000		32512		2000
9439		9439000		32512		2000
9440		9440000		32512		2000
9441		9441000		32512		2000
9442		9442000		32512		2000
9443		9443000		32512		2000
9444		9444000		32512		2000
9445		9445000		32512		2000
9446		9446000		32512		2000
9447		9447000		32512		2000
9448		9448000		32512		2000
9449		9449000		32512		2000
9450		9450000		32512		2000
9451		9451000		32512		2000
9452		9452000		32512		2000
9453		9453000		32512		2000
9454		9454000		32512		2000
9455		9455000		32512		2000
9456		9456000		32512		2000
9457		9457000		32512		2000
9458		9458000		32512		2000
9459		9459000		32512		2000
9460		9460000		32512		2000
9461		9461000		32512		2000
9462		9462000		32512		2000
9463		9463000		32512		2000
9464		9464000		32512		2000
9465		9465000		32512		2000
9466		9466000		32512		2000
9467		9467000		32512		2000
9468		9468000		32512		2000
9469		9469000		32512		2000
9470		9470000		32512		2000
9471		9471000		32512		2000
9472		9472000		32512		2000
9473		9473000		32512		2000
9474		9474000		32512		2000
9475		9475000		32512		2000
9476		9476000		32512		2000
9477		9477000		32512		2000
9478		9478000		32512		2000
9479		9479000		32512		2000
9480		9480000		32512		2000
9481		9481000		32512		2000
9482		9482000		32512		2000
9483		9483000		32512		2000
9484		9484000		32512		2000
9485		9485000		32512		2000
9486		9486000		32512		2000
9487		9487000		32512		2000
9488		9488000		32512		2000
9489		9489000		32512		2000
9490		9490000		32512		2000
9491		9491000		32512		2000
9492		9492000		32512		2000
9493		9493000		32512		2000
9494		9494000		32512		2000
9495		9495000		32512		2000
9496		9496000		32512		2000
9497		9497000		32512		2000
9498		9498000		32512		2000
9499		9499000		32512		2000
9500		9500000		32512		2000
9501		9501000		32512		2000
9502		9502000		32512		2000
9503		9503000		32512		2000
9504		9504000		32512		2000
9505		9505000		32512		2000
9506		9506000		32512		2000
9507		9507000		32512		2000
9508		9508000		32512		2000
9509		9509000		32512		2000
9510		9510000		32512		2000
9511		9511000		32512		2000
9512		9512000		32512		2000
9513		9513000		32353		1990
9514		9514000		32512		2000
9515		9515000		32512		2000
9516		9516000		32512		2000
9517		9517000		32512		2000
9518		9518000		32512		2000
9519		9519000		32512		2000
9520		9520000		32512		2000
9521		9521000		32512		2000
9522		9522000		32512		2000
9523		9523000		32512		2000
9524		9524000		32512		2000
9525		9525000		32512		2000
9526		9526000		32512		2000
9527		9527000		32512		2000
9528		9528000		32512		2000
9529		9529000		32512		2000
9530		9530000		32512		2000
9531		9531000		32512		2000
9532		9532000		32512		2000
9533		9533000		32512		2000
9534		9534000		32512		2000
9535		9535000		32512		2000
9536		9536000		32512		2000
9537		9537000		32353		1990
9538		9538000		32512		2000
9539		9539000		32512		2000
9540		9540000		32512		2000
9541		9541000		32512		2000
9542		9542000		32512		2000
9543		9543000		32512		2000
9544		9544000		32512		2000
9545		9545000		32512		2000
9546		9546000		32512		2000
9547		9547000		32512		2000
9548		9548000		32512		2000
9549		9549000		32512		2000
9550		9550000		32512		2000
9551		9551000		32512		2000
9552		9552000		32512		2000
9553		9553000		32512		2000
9554		9554000		32512		2000
9555		9555000		32512		2000
9556		9556000		32512		2000
9557		9557000		32512		2000
9558		9558000		32512		2000
9559		9559000		32512		2000
9560		9560000		32512		2000
9561		9561000		32512		2000
9562		9562000		32512		2000
9563		9563000		32512		2000
9564		9564000		32512		2000
9565		9565000		32512		2000
9566		9566000		32512		2000
9567		9567000		32512		2000
9568		9568000		32512		2000
9569		9569000		32512		2000
9570		9570000		32512		2000
9571		9571000		32512		2000
9572		9572000		32512		2000
9573		9573000		32512		2000
9574		9574000		32512		2000
9575		9575000		32512		2000
9576		9576000		32353		1990
9577		9577000		32512		2000
9578		9578000		32512		2000
9579		9579000		32512		2000
9580		9580000		32512		2000
9581		9581000		32512		2000
9582		9582000		32512		2000
9583		9583000		32512		2000
9584		9584000		32512		2000
9585		9585000		32512		2000
9586		9586000		32512		2000
9587		9587000		32512		2000
9588		9588000		32512		2000
9589		9589000		32512		2000
9590		9590000		32512		2000
9591		9591000		32512		2000
9592		9592000		32512		2000
9593		9593000		32512		2000
9594		9594000		32512		2000
9595		9595000		32512		2000
9596		9596000		32512		2000
9597		9597000		32512		2000
9598		9598000		32512		2000
9599		9599000		32512		2000
9600		9600000		32512		2000
9601		9601000		32512		2000
9602		9602000		32512		2000
9603		9603000		32512		2000
9604		9604000		32512		2000
9605		9605000		32512		2000
9606		9606000		32512		2000
9607		9607000		32512		2000
9608		9608000		32512		2000
9609		9609000		32512		2000
9610		9610000		32512		2000
9611		9611000		32512		2000
9612		9612000		32512		2000
9613		9613000		32512		2000
9614		9614000		32512		2000
9615		9615000		32512		2000
9616		9616000		32512		2000
9617		9617000		32512		2000
9618		9618000		32512		2000
9619		9619000		32512		2000
9620		9620000		32512		2000
9621		9621000		32512		2000
9622		9622000		32512		2000
9623		9623000		32512		2000
9624		9624000		32512		2000
9625		9625000		32512		2000
9626		9626000		32512		2000
9627		9627000		32512		2000
9628		9628000		32512		2000
9629		9629000		32512		2000
9630		9630000		32512		2000
9631		9631000		32512		2000
9632		9632000		32353		1990
9633		9633000		32512		2000
9634		9634000		32512		2000
9635		9635000		32512		2000
9636		9636000		32512		2000
9637		9637000		32512		2000
9638		9638000		32512		2000
9639		9639000		32512		2000
9640		9640000		32512		2000
9641		9641000		32512		2000
9642		9642000		32512		2000
9643		9643000		32512		2000
9644		9644000		32512		2000
9645		9645000		32512		2000
9646		9646000		32512		2000
9647		9647000		32512		2000
9648		9648000		32512		2000
9649		9649000		32512		2000
9650		9650000		32512		2000
9651		9651000		32512		2000
9652		9652000		32512		2000
9653		9653000		32512		2000
9654		9654000		32512		2000
9655		9655000		32512		2000
9656		9656000		32512		2000
9657		9657000		32512		2000
9658		9658000		32512		2000
9659		9659000		32512		2000
9660		9660000		32512		2000
9661		9661000		32512		2000
9662		9662000		32512		2000
9663		9663000		32512		2000
9664		9664000		32512		2000
9665		9665000		32512		2000
9666		9666000		32512		2000
9667		9667000		32512		2000
9668		9668000		32512		2000
9669		9669000		32512		2000
9670		9670000		32512		2000
9671		9671000		32512		2000
9672		9672000		32512		2000
9673		9673000		-32512		-2000
9674		9674000		-32353		-1990
9675		9675000		-32353		-1990
9676		9676000		-32353		-1990
9677		9677000		-32353		-1990
9678		9678000		-32353		-1990
9679		9679000		-32512		-2000
9680		9680000		-32512		-2000
9681		9681000		-32512		-2000
9682		9682000		-32353		-1990
9683		9683000		-32512		-2000
9684		9684000		-32353		-1990
9685		9685000		-32512		-2000
9686		9686000		-32512		-2000
9687		9687000		-32512		-2000
9688		9688000		-32512		-2000
9689		9689000		-32512		-2000
9690		9690000		-32512		-2000
9691		9691000		-32512		-2000
9692		9692000		-32512		-2000
9693		9693000		-32353		-1990
9694		9694000		-32353		-1990
9695		9695000		-32512		-2000
9696		9696000		-32512		-2000
9697		9697000		-32512		-2000
9698		9698000		-32353		-1990
9699		9699000		-32512		-2000
9700		9700000		-32512		-2000
9701		9701000		-32512		-2000
9702		9702000		-32353		-1990
9703		9703000		-32512		-2000
9704		9704000		-32512		-2000
9705		9705000		-32512		-2000
9706		9706000		-32353		-1990
9707		9707000		-32512		-2000
9708		9708000		-32353		-1990
9709		9709000		-32512		-2000
9710		9710000		-32353		-1990
9711		9711000		-32353		-1990
9712		9712000		-32064		-1972
9713		9713000		-32353		-1990
9714		9714000		-32353		-1990
9715		9715000		-32353		-1990
9716		9716000		-32353		-1990
9717		9717000		-32353		-1990
9718		9718000		-32353		-1990
9719		9719000		-32512		-2000
9720		9720000		-32353		-1990
9721		9721000		-32353		-1990
9722		9722000		-32512		-2000
9723		9723000		-32353		-1990
9724		9724000		-32512		-2000
9725		9725000		-32353		-1990
9726		9726000		-32353		-1990
9727		9727000		-32512		-2000
9728		9728000		-32353		-1990
9729		9729000		-32512		-2000
9730		9730000		-32353		-1990
9731		9731000		-32512		-2000
9732		9732000		-32353		-1990
9733		9733000		-32512		-2000
9734		9734000		-32353		-1990
9735		9735000		-32512		-2000
9736		9736000		-32512		-2000
9737		9737000		-32512		-2000
9738		9738000		-32353		-1990
9739		9739000		-32512		-2000
9740		9740000		-32353		-1990
9741		9741000		-32512		-2000
9742		9742000		-32353		-1990
9743		9743000		-32512		-2000
9744		9744000		-32512		-2000
9745		9745000		-32512		-2000
9746		9746000		-32512		-2000
9747		9747000		-32353		-1990
9748		9748000		-32353		-1990
9749		9749000		-32512		-2000
9750		9750000		-32353		-1990
9751		9751000		-32512		-2000
9752		9752000		-32353		-1990
9753		9753000		-32512		-2000
9754		9754000		-32512		-2000
9755		9755000		-32353		-1990
9756		9756000		-32512		-2000
9757		9757000		-32512		-2000
9758		9758000		-32512		-2000
9759		9759000		-32512		-2000
9760		9760000		-32512		-2000
9761		9761000		-32512		-2000
9762		9762000		-32353		-1990
9763		9763000		-32353		-1990
9764		9764000		-32353		-1990
9765		9765000		-32512		-2000
9766		9766000		-32512		-2000
9767		9767000		-32512		-2000
9768		9768000		-32353		-1990
9769		9769000		-32512		-2000
9770		9770000		-32512		-2000
9771		9771000		-32353		-1990
9772		9772000		-32512		-2000
9773		9773000		-32512		-2000
9774		9774000		-32353		-1990
9775		9775000		-32512		-2000
9776		9776000		-32512		-2000
9777		9777000		-32512		-2000
9778		9778000		-32353		-1990
9779		9779000		-32512		-2000
9780		9780000		-32512		-2000
9781		9781000		-32353		-1990
9782		9782000		-32353		-1990
9783		9783000		-32512		-2000
9784		9784000		-32512		-2000
9785		9785000		-32512		-2000
9786		9786000		-32353		-1990
9787		9787000		-32512		-2000
9788		9788000		-32512		-2000
9789		9789000		-32512		-2000
9790		9790000		-32512		-2000
9791		9791000		-32512		-2000
9792		9792000		-32353		-1990
9793		9793000		-32512		-2000
9794		9794000		-32512		-2000
9795		9795000		-32512		-2000
9796		9796000		-32512		-2000
9797		9797000		-32512		-2000
9798		9798000		-32512		-2000
9799		9799000		-32512		-2000
9800		9800000		-32353		-1990
9801		9801000		-32353		-1990
9802		9802000		-32353		-1990
9803		9803000		-32512		-2000
9804		9804000		-32512		-2000
9805		9805000		-32512		-2000
9806		9806000		-32353		-1990
9807		9807000		-32512		-2000
9808		9808000		-32512		-2000
9809		9809000		-32512		-2000
9810		9810000		-32512		-2000
9811		9811000		-32353		-1990
9812		9812000		-32512		-2000
9813		9813000		-32512		-2000
9814		9814000		-32512		-2000
9815		9815000		-32353		-1990
9816		9816000		-32512		-2000
9817		9817000		-32512		-2000
9818		9818000		-32512		-2000
9819		9819000		-32353		-1990
9820		9820000		-32353		-1990
9821		9821000		-32512		-2000
9822		9822000		-32512		-2000
9823		9823000		-32512		-2000
9824		9824000		-32512		-2000
9825		9825000		-32512		-2000
9826		9826000		-32512		-2000
9827		9827000		-32512		-2000
9828		9828000		-32512		-2000
9829		9829000		-32512		-2000
9830		9830000		-32512		-2000
9831		9831000		-32353		-1990
9832		9832000		-32512		-2000
9833		9833000		-32353		-1990
9834		9834000		-32353		-1990
9835		9835000		-32512		-2000
9836		9836000		-32512		-2000
9837		9837000		-32512		-2000
9838		9838000		-32353		-1990
9839		9839000		-32353		-1990
9840		9840000		-32512		-2000
9841		9841000		-32512		-2000
9842		9842000		-32512		-2000
9843		9843000		-32512		-2000
9844		9844000		-32353		-1990
9845		9845000		-32512		-2000
9846		9846000		-32512		-2000
9847		9847000		-32512		-2000
9848		9848000		-32512		-2000
9849		9849000		-32512		-2000
9850		9850000		-32512		-2000
9851		9851000		-32512		-2000
9852		9852000		-32353		-1990
9853		9853000		-32512		-2000
9854		9854000		-32512		-2000
9855		9855000		-32353		-1990
9856		9856000		-32512		-2000
9857		9857000		-32353		-1990
9858		9858000		-32353		-1990
9859		9859000		-32512		-2000
9860		9860000		-32512		-2000
9861		9861000		-32512		-2000
9862		9862000		-32512		-2000
9863		9863000		-32353		-1990
9864		9864000		-32512		-2000
9865		9865000		-32512		-2000
9866		9866000		-32512		-2000
9867		9867000		-32353		-1990
9868		9868000		-32512		-2000
9869		9869000		-32353		-1990
9870		9870000		-32512		-2000
9871		9871000		-32512		-2000
9872		9872000		-32353		-1990
9873		9873000		-32512		-2000
9874		9874000		-32512		-2000
9875		9875000		-32353		-1990
9876		9876000		-32353		-1990
9877		9877000		-32512		-2000
9878		9878000		-32512		-2000
9879		9879000		-32512		-2000
9880		9880000		-32512		-2000
9881		9881000		-32512		-2000
9882		9882000		-32353		-1990
9883		9883000		-32512		-2000
9884		9884000		-32512		-2000
9885		9885000		-32512		-2000
9886		9886000		-32353		-1990
9887		9887000		-32512		-2000
9888		9888000		-32353		-1990
9889		9889000		-32512		-2000
9890		9890000		-32512		-2000
9891		9891000		-32353		-1990
9892		9892000		-32353		-1990
9893		9893000		-32353		-1990
9894		9894000		-32512		-2000
9895		9895000		-32512		-2000
9896		9896000		-32512		-2000
9897		9897000		-32353		-1990
9898		9898000		-32512		-2000
9899		9899000		-32512		-2000
9900		9900000		-32353		-1990
9901		9901000		-32353		-1990
9902		9902000		-32353		-1990
9903		9903000		-32512		-2000
9904		9904000		-32512		-2000
9905		9905000		-32512		-2000
9906		9906000		-32353		-1990
9907		9907000		-32353		-1990
9908		9908000		-32353		-1990
9909		9909000		-32353		-1990
9910		9910000		-32353		-1990
9911		9911000		-32353		-1990
9912		9912000		-32353		-1990
9913		9913000		-32353		-1990
9914		9914000		-32353		-1990
9915		9915000		-32353		-1990
9916		9916000		-32512		-2000
9917		9917000		-32353		-1990
9918		9918000		-32353		-1990
9919		9919000		-32353		-1990
9920		9920000		-32353		-1990
9921		9921000		-32353		-1990
9922		9922000		-32353		-1990
9923		9923000		-32353		-1990
9924		9924000		-32353		-1990
9925		9925000		-32353		-1990
9926		9926000		-32353		-1990
9927		9927000		-32512		-2000
9928		9928000		-32353		-1990
9929		9929000		-32353		-1990
9930		9930000		-32353		-1990
9931		9931000		-32512		-2000
9932		9932000		-32353		-1990
9933		9933000		-32353		-1990
9934		9934000		-32353		-1990
9935		9935000		-32353		-1990
9936		9936000		-32512		-2000
9937		9937000		-32353		-1990
9938		9938000		-32512		-2000
9939		9939000		-32353		-1990
9940		9940000		-32512		-2000
9941		9941000		-32512		-2000
9942		9942000		-32353		-1990
9943		9943000		-32353		-1990
9944		9944000		-32353		-1990
9945		9945000		-32353		-1990
9946		9946000		-32512		-2000
9947		9947000		-32512		-2000
9948		9948000		-32353		-1990
9949		9949000		-32353		-1990
9950		9950000		-32353		-1990
9951		9951000		-32353		-1990
9952		9952000		-32353		-1990
9953		9953000		-32064		-1972
9954		9954000		-32353		-1990
9955		9955000		-32353		-1990
9956		9956000		-32512		-2000
9957		9957000		-32353		-1990
9958		9958000		-32353		-1990
9959		9959000		-32353		-1990
9960		9960000		-32353		-1990
9961		9961000		-32353		-1990
9962		9962000		-32353		-1990
9963		9963000		-32353		-1990
9964		9964000		-32353		-1990
9965		9965000		-32512		-2000
9966		9966000		-32353		-1990
9967		9967000		-32353		-1990
9968		9968000		-32353		-1990
9969		9969000		-32353		-1990
9970		9970000		-32353		-1990
9971		9971000		-32353		-1990
9972		9972000		-32353		-1990
9973		9973000		-32353		-1990
9974		9974000		-32353		-1990
9975		9975000		-32353		-1990
9976		9976000		-32353		-1990
9977		9977000		-32353		-1990
9978		9978000		-32353		-1990
9979		9979000		-32353		-1990
9980		9980000		-32353		-1990
9981		9981000		-32353		-1990
9982		9982000		-32353		-1990
9983		9983000		-32353		-1990
9984		9984000		-32353		-1990
9985		9985000		-32353		-1990
9986		9986000		-32353		-1990
9987		9987000		-32353		-1990
9988		9988000		-32353		-1990
9989		9989000		-32353		-1990
9990		9990000		-32353		-1990
9991		9991000		-32353		-1990
9992		9992000		-32353		-1990
9993		9993000		-32512		-2000
9994		9994000		-32353		-1990
9995		9995000		-31775		-1954
9996		9996000		-32353		-1990
9997		9997000		-32353		-1990
9998		9998000		-32512		-2000
9999		9999000		-32512		-2000
